ID,SEX,D.O.B,MONITOR.START.YEAR,MONITOR.START.YR,MONITOR.END.YEAR,MONITOR.END.YR,AGE.START.MONTHS,AGE.CLASS.START,CATEGORY.START,AGE.DEATH.MONTHS,AGE.MONTHS.12,AGE.MONTHS.24,AGE.CLASS.DEATH,CATEGORY.DEATH,FATE,CENSUS.STATUS,AGE.MET.12,AGE.MET.24,MOTHER,LITTER,MOTHER.AGE.LITTER,MOTHER.AGE.CLASS.LITTER,SURVIVED.12,SURVIVED.24
1,MALE,34973,34973,1995,38139,2004,0,CUB,MALE_CUB,104,12,24,ADULT_84,MALE_ADULT_84,MORTALITY,1,0,0,3_4,1,38,ADULT_36_48,1,1
2,FEMALE,34973,34973,1995,41609,2013,0,CUB,FEMALE_CUB,218,12,24,ADULT_84,FEMALE_ADULT_84,MORTALITY,1,0,0,3_4,1,38,ADULT_36_48,1,1
3,NA,35704,35704,1997,35735,1997,0,CUB,NA_CUB,1,1,1,CUB,NA_CUB,MORTALITY,1,1,1,3_4,2,62,ADULT_60_72,0,0
4,NA,35704,35704,1997,35735,1997,0,CUB,NA_CUB,1,1,1,CUB,NA_CUB,MORTALITY,1,1,1,3_4,2,62,ADULT_60_72,0,0
5,MALE,35855,35855,1998,35886,1998,0,CUB,MALE_CUB,1,1,1,CUB,MALE_CUB,MORTALITY,1,1,1,3_4,3,67,ADULT_60_72,0,0
6,MALE,36039,36039,1998,39814,2009,0,CUB,MALE_CUB,124,12,24,ADULT_84,MALE_ADULT_84,MORTALITY,1,0,0,3_4,4,73,ADULT_72_84,1,1
7,FEMALE,36039,36039,1998,42005,2015,0,CUB,FEMALE_CUB,196,12,24,ADULT_84,FEMALE_ADULT_84,CENSORED,0,0,0,3_4,4,73,ADULT_72_84,1,1
8,FEMALE,37135,37135,2001,37237,2001,0,CUB,FEMALE_CUB,3,3,3,CUB,FEMALE_CUB,MORTALITY,1,1,1,3_4,5,109,ADULT_84,0,0
9,MALE,37135,37135,2001,37408,2002,0,CUB,MALE_CUB,9,9,9,CUB,MALE_CUB,MORTALITY,1,1,1,3_4,5,109,ADULT_84,0,0
10,NA,37591,37591,2002,37681,2003,0,CUB,NA_CUB,3,3,3,CUB,NA_CUB,MORTALITY,1,1,1,3_4,6,124,ADULT_84,0,0
11,NA,37591,37591,2002,37681,2003,0,CUB,NA_CUB,3,3,3,CUB,NA_CUB,MORTALITY,1,1,1,3_4,6,124,ADULT_84,0,0
12,NA,37865,37865,2003,37895,2003,0,CUB,NA_CUB,1,1,1,CUB,NA_CUB,MORTALITY,1,1,1,3_4,7,133,ADULT_84,0,0
13,NA,37865,37865,2003,37895,2003,0,CUB,NA_CUB,1,1,1,CUB,NA_CUB,MORTALITY,1,1,1,3_4,7,133,ADULT_84,0,0
14,NA,38018,38018,2004,38078,2004,0,CUB,NA_CUB,2,2,2,CUB,NA_CUB,MORTALITY,1,1,1,3_4,8,138,ADULT_84,0,0
15,FEMALE,38018,38018,2004,38261,2004,0,CUB,FEMALE_CUB,8,8,8,CUB,FEMALE_CUB,MORTALITY,1,1,1,3_4,8,138,ADULT_84,0,0
16,NA,38322,38322,2004,38353,2005,0,CUB,NA_CUB,1,1,1,CUB,NA_CUB,MORTALITY,1,1,1,3_4,9,148,ADULT_84,0,0
17,NA,38323,38323,2004,38353,2005,0,CUB,NA_CUB,1,1,1,CUB,NA_CUB,MORTALITY,1,1,1,3_4,9,148,ADULT_84,0,0
18,NA,38749,38749,2006,38808,2006,0,CUB,NA_CUB,2,2,2,CUB,NA_CUB,MORTALITY,1,1,1,3_4,10,162,ADULT_84,0,0
19,NA,38749,38749,2006,38808,2006,0,CUB,NA_CUB,2,2,2,CUB,NA_CUB,MORTALITY,1,1,1,3_4,10,162,ADULT_84,0,0
20,MALE,39114,39114,2007,39479,2008,0,CUB,MALE_CUB,12,12,12,CUB,MALE_CUB,MORTALITY,1,1,1,3_4,11,174,ADULT_84,1,0
21,NA,38018,38018,2004,38078,2004,0,CUB,NA_CUB,2,2,2,CUB,NA_CUB,MORTALITY,1,1,1,Campbell_Koppies,1,52,ADULT_48_60,0,0
22,NA,38018,38018,2004,38078,2004,0,CUB,NA_CUB,2,2,2,CUB,NA_CUB,MORTALITY,1,1,1,Campbell_Koppies,1,52,ADULT_48_60,0,0
23,FEMALE,38261,38261,2004,39448,2008,0,CUB,FEMALE_CUB,39,12,24,ADULT_36_48,FEMALE_ADULT_36_48,MORTALITY,1,0,0,Campbell_Koppies,2,60,ADULT_48_60,1,1
24,FEMALE,38261,38261,2004,42005,2015,0,CUB,FEMALE_CUB,123,12,24,ADULT_84,FEMALE_ADULT_84,CENSORED,0,0,0,Campbell_Koppies,2,60,ADULT_48_60,1,1
25,FEMALE,39264,39264,2007,42005,2015,0,CUB,FEMALE_CUB,90,12,24,ADULT_84,FEMALE_ADULT_84,CENSORED,0,0,0,Campbell_Koppies,3,93,ADULT_84,1,1
26,NA,39845,39845,2009,39904,2009,0,CUB,NA_CUB,2,2,2,CUB,NA_CUB,MORTALITY,1,1,1,Campbell_Koppies,4,112,ADULT_84,0,0
27,NA,39845,39845,2009,40026,2009,0,CUB,NA_CUB,6,6,6,CUB,NA_CUB,MORTALITY,1,1,1,Campbell_Koppies,4,112,ADULT_84,0,0
28,NA,39845,39845,2009,40026,2009,0,CUB,NA_CUB,6,6,6,CUB,NA_CUB,MORTALITY,1,1,1,Campbell_Koppies,4,112,ADULT_84,0,0
29,NA,40118,40118,2009,40330,2010,0,CUB,NA_CUB,7,7,7,CUB,NA_CUB,MORTALITY,1,1,1,Campbell_Koppies,5,121,ADULT_84,0,0
30,NA,40118,40118,2009,40360,2010,0,CUB,NA_CUB,8,8,8,CUB,NA_CUB,MORTALITY,1,1,1,Campbell_Koppies,5,121,ADULT_84,0,0
31,NA,40513,40513,2010,40575,2011,0,CUB,NA_CUB,2,2,2,CUB,NA_CUB,MORTALITY,1,1,1,Campbell_Koppies,6,134,ADULT_84,0,0
32,NA,40513,40513,2010,40575,2011,0,CUB,NA_CUB,2,2,2,CUB,NA_CUB,MORTALITY,1,1,1,Campbell_Koppies,6,134,ADULT_84,0,0
33,NA,40664,40664,2011,40787,2011,0,CUB,NA_CUB,4,4,4,CUB,NA_CUB,MORTALITY,1,1,1,Campbell_Koppies,7,139,ADULT_84,0,0
34,NA,40664,40664,2011,40787,2011,0,CUB,NA_CUB,4,4,4,CUB,NA_CUB,MORTALITY,1,1,1,Campbell_Koppies,7,139,ADULT_84,0,0
35,NA,41334,41334,2013,41365,2013,0,CUB,NA_CUB,1,1,1,CUB,NA_CUB,MORTALITY,1,1,1,Campbell_Koppies,8,161,ADULT_84,0,0
36,FEMALE,37591,37591,2002,37712,2003,0,CUB,FEMALE_CUB,4,4,4,CUB,FEMALE_CUB,MORTALITY,1,1,1,Dudley_Riverbank,1,51,ADULT_48_60,0,0
37,MALE,37591,37591,2002,37865,2003,0,CUB,MALE_CUB,9,9,9,CUB,MALE_CUB,MORTALITY,1,1,1,Dudley_Riverbank,1,51,ADULT_48_60,0,0
38,NA,38322,38322,2004,38412,2005,0,CUB,NA_CUB,3,3,3,CUB,NA_CUB,MORTALITY,1,1,1,Dudley_Riverbank,2,75,ADULT_72_84,0,0
39,NA,38322,38322,2004,38412,2005,0,CUB,NA_CUB,3,3,3,CUB,NA_CUB,MORTALITY,1,1,1,Dudley_Riverbank,2,75,ADULT_72_84,0,0
40,NA,38657,38657,2005,38718,2006,0,CUB,NA_CUB,2,2,2,CUB,NA_CUB,MORTALITY,1,1,1,Dudley_Riverbank,3,86,ADULT_84,0,0
41,NA,38657,38657,2005,38718,2006,0,CUB,NA_CUB,2,2,2,CUB,NA_CUB,MORTALITY,1,1,1,Dudley_Riverbank,3,86,ADULT_84,0,0
42,MALE,38991,38991,2006,42005,2015,0,CUB,MALE_CUB,99,12,24,ADULT_84,MALE_ADULT_84,CENSORED,0,0,0,Dudley_Riverbank,4,97,ADULT_84,1,1
43,MALE,38991,38991,2006,42005,2015,0,CUB,MALE_CUB,99,12,24,ADULT_84,MALE_ADULT_84,CENSORED,0,0,0,Dudley_Riverbank,4,97,ADULT_84,1,1
44,FEMALE,39995,39995,2009,40087,2009,0,CUB,FEMALE_CUB,3,3,3,CUB,FEMALE_CUB,MORTALITY,1,1,1,Dudley_Riverbank,5,130,ADULT_84,0,0
45,MALE,39995,39995,2009,42005,2015,0,CUB,MALE_CUB,66,12,24,ADULT_60_72,MALE_ADULT_60_72,CENSORED,0,0,0,Dudley_Riverbank,5,130,ADULT_84,1,1
46,FEMALE,40969,40969,2012,42005,2015,0,CUB,FEMALE_CUB,34,12,24,SUBADULT,FEMALE_SUBADULT,CENSORED,0,0,0,Dudley_Riverbank,6,163,ADULT_84,1,1
47,NA,40695,40695,2011,40817,2011,0,CUB,NA_CUB,4,4,4,CUB,NA_CUB,MORTALITY,1,1,1,Flockfield,1,86,ADULT_84,0,0
48,MALE,40695,40695,2011,40940,2012,0,CUB,MALE_CUB,8,8,8,CUB,MALE_CUB,CENSORED,0,1,1,Flockfield,1,86,ADULT_84,0,0
49,FEMALE,40179,40179,2010,40575,2011,0,CUB,FEMALE_CUB,13,12,13,JUVENILE,FEMALE_JUVENILE,MORTALITY,1,0,1,Hlabankunzi,1,44,ADULT_36_48,1,0
50,FEMALE,40179,40179,2010,40634,2011,0,CUB,FEMALE_CUB,15,12,15,JUVENILE,FEMALE_JUVENILE,MORTALITY,1,0,1,Hlabankunzi,1,44,ADULT_36_48,1,0
51,NA,40878,40878,2011,40940,2012,0,CUB,NA_CUB,2,2,2,CUB,NA_CUB,MORTALITY,1,1,1,Hlabankunzi,2,67,ADULT_60_72,0,0
52,FEMALE,41153,41153,2012,42005,2015,0,CUB,FEMALE_CUB,28,12,24,SUBADULT,FEMALE_SUBADULT,CENSORED,0,0,0,Hlabankunzi,3,76,ADULT_72_84,1,1
53,NA,41671,41671,2014,41791,2014,0,CUB,NA_CUB,4,4,4,CUB,NA_CUB,MORTALITY,1,1,1,Hlabankunzi,4,93,ADULT_84,0,0
54,NA,41671,41671,2014,41821,2014,0,CUB,NA_CUB,5,5,5,CUB,NA_CUB,MORTALITY,1,1,1,Hlabankunzi,4,93,ADULT_84,0,0
55,NA,41974,41974,2014,42005,2015,0,CUB,NA_CUB,1,1,1,CUB,NA_CUB,CENSORED,0,1,1,Hlabankunzi,5,103,ADULT_84,0,0
56,NA,41974,41974,2014,42005,2015,0,CUB,NA_CUB,1,1,1,CUB,NA_CUB,CENSORED,0,1,1,Hlabankunzi,5,103,ADULT_84,0,0
57,MALE,40210,40210,2010,40360,2010,0,CUB,MALE_CUB,5,5,5,CUB,MALE_CUB,MORTALITY,1,1,1,Inkanyeni,1,59,ADULT_48_60,0,0
58,MALE,40603,40603,2011,42005,2015,0,CUB,MALE_CUB,46,12,24,ADULT_36_48,MALE_ADULT_36_48,CENSORED,0,0,0,Inkanyeni,2,72,ADULT_60_72,1,1
59,NA,41244,41244,2012,41306,2013,0,CUB,NA_CUB,2,2,2,CUB,NA_CUB,MORTALITY,1,1,1,Inkanyeni,3,93,ADULT_84,0,0
60,FEMALE,41548,41548,2013,42005,2015,0,CUB,FEMALE_CUB,15,12,15,JUVENILE,FEMALE_JUVENILE,CENSORED,0,0,1,Inkanyeni,4,103,ADULT_84,1,0
61,MALE,41548,41548,2013,42005,2015,0,CUB,MALE_CUB,15,12,15,JUVENILE,MALE_JUVENILE,CENSORED,0,0,1,Inkanyeni,4,103,ADULT_84,1,0
62,FEMALE,38078,38078,2004,39203,2007,0,CUB,FEMALE_CUB,37,12,24,ADULT_36_48,FEMALE_ADULT_36_48,CENSORED,0,0,0,Jakkalsdraai,1,53,ADULT_48_60,1,1
63,FEMALE,38078,38078,2004,41334,2013,0,CUB,FEMALE_CUB,107,12,24,ADULT_84,FEMALE_ADULT_84,MORTALITY,1,0,0,Jakkalsdraai,1,53,ADULT_48_60,1,1
64,NA,38869,38869,2006,38899,2006,0,CUB,NA_CUB,1,1,1,CUB,NA_CUB,MORTALITY,1,1,1,Jakkalsdraai,2,79,ADULT_72_84,0,0
65,NA,38869,38869,2006,38899,2006,0,CUB,NA_CUB,1,1,1,CUB,NA_CUB,MORTALITY,1,1,1,Jakkalsdraai,2,79,ADULT_72_84,0,0
66,NA,39083,39083,2007,39114,2007,0,CUB,NA_CUB,1,1,1,CUB,NA_CUB,MORTALITY,1,1,1,Jakkalsdraai,3,86,ADULT_84,0,0
67,NA,39083,39083,2007,39114,2007,0,CUB,NA_CUB,1,1,1,CUB,NA_CUB,MORTALITY,1,1,1,Jakkalsdraai,3,86,ADULT_84,0,0
68,MALE,39783,39783,2008,40452,2010,0,CUB,MALE_CUB,22,12,22,JUVENILE,MALE_JUVENILE,CENSORED,0,0,1,Jakkalsdraai,4,109,ADULT_84,1,0
69,NA,40391,40391,2010,40483,2010,0,CUB,NA_CUB,3,3,3,CUB,NA_CUB,MORTALITY,1,1,1,Jakkalsdraai,5,129,ADULT_84,0,0
70,FEMALE,40725,40725,2011,40848,2011,0,CUB,FEMALE_CUB,4,4,4,CUB,FEMALE_CUB,MORTALITY,1,1,1,Jakkalsdraai,6,140,ADULT_84,0,0
71,FEMALE,40725,40725,2011,41883,2014,0,CUB,FEMALE_CUB,38,12,24,ADULT_36_48,FEMALE_ADULT_36_48,CENSORED,0,0,0,Jakkalsdraai,6,140,ADULT_84,1,1
72,NA,35582,35582,1997,35643,1997,0,CUB,NA_CUB,2,2,2,CUB,NA_CUB,MORTALITY,1,1,1,Kapen,1,45,ADULT_36_48,0,0
73,NA,35582,35582,1997,35643,1997,0,CUB,NA_CUB,2,2,2,CUB,NA_CUB,MORTALITY,1,1,1,Kapen,1,45,ADULT_36_48,0,0
74,NA,35916,35916,1998,35977,1998,0,CUB,NA_CUB,2,2,2,CUB,NA_CUB,MORTALITY,1,1,1,Kapen,2,56,ADULT_48_60,0,0
75,NA,35916,35916,1998,35977,1998,0,CUB,NA_CUB,2,2,2,CUB,NA_CUB,MORTALITY,1,1,1,Kapen,2,56,ADULT_48_60,0,0
76,FEMALE,36465,36465,1999,42005,2015,0,CUB,FEMALE_CUB,182,12,24,ADULT_84,FEMALE_ADULT_84,CENSORED,0,0,0,Kapen,3,74,ADULT_72_84,1,1
77,NA,37196,37196,2001,37316,2002,0,CUB,NA_CUB,4,4,4,CUB,NA_CUB,MORTALITY,1,1,1,Kapen,4,98,ADULT_84,0,0
78,FEMALE,37196,37196,2001,38534,2005,0,CUB,FEMALE_CUB,44,12,24,ADULT_36_48,FEMALE_ADULT_36_48,MORTALITY,1,0,0,Kapen,4,98,ADULT_84,1,1
79,NA,38261,38261,2004,38322,2004,0,CUB,NA_CUB,2,2,2,CUB,NA_CUB,MORTALITY,1,1,1,Kapen,5,133,ADULT_84,0,0
80,NA,38261,38261,2004,38322,2004,0,CUB,NA_CUB,2,2,2,CUB,NA_CUB,MORTALITY,1,1,1,Kapen,5,133,ADULT_84,0,0
81,MALE,38504,38504,2005,42005,2015,0,CUB,MALE_CUB,115,12,24,ADULT_84,MALE_ADULT_84,CENSORED,0,0,0,Kapen,6,141,ADULT_84,1,1
82,NA,39448,39448,2008,39508,2008,0,CUB,NA_CUB,2,2,2,CUB,NA_CUB,MORTALITY,1,1,1,Kapen,7,172,ADULT_84,0,0
83,NA,39448,39448,2008,39600,2008,0,CUB,NA_CUB,5,5,5,CUB,NA_CUB,MORTALITY,1,1,1,Kapen,7,172,ADULT_84,0,0
84,NA,39814,39814,2009,39904,2009,0,CUB,NA_CUB,3,3,3,CUB,NA_CUB,MORTALITY,1,1,1,Kapen,8,184,ADULT_84,0,0
85,FEMALE,39114,39114,2007,41426,2013,0,CUB,FEMALE_CUB,76,12,24,ADULT_72_84,FEMALE_ADULT_72_84,CENSORED,0,0,0,Karula,1,35,SUBADULT,1,1
86,FEMALE,39114,39114,2007,42005,2015,0,CUB,FEMALE_CUB,95,12,24,ADULT_84,FEMALE_ADULT_84,CENSORED,0,0,0,Karula,1,35,SUBADULT,1,1
87,MALE,39753,39753,2008,42005,2015,0,CUB,MALE_CUB,74,12,24,ADULT_72_84,MALE_ADULT_72_84,CENSORED,0,0,0,Karula,2,56,ADULT_48_60,1,1
88,MALE,39753,39753,2008,42005,2015,0,CUB,MALE_CUB,74,12,24,ADULT_72_84,MALE_ADULT_72_84,CENSORED,0,0,0,Karula,2,56,ADULT_48_60,1,1
89,FEMALE,40452,40452,2010,40969,2012,0,CUB,FEMALE_CUB,17,12,17,JUVENILE,FEMALE_JUVENILE,CENSORED,0,0,1,Karula,3,79,ADULT_72_84,1,0
90,MALE,40452,40452,2010,42005,2015,0,CUB,MALE_CUB,51,12,24,ADULT_48_60,MALE_ADULT_48_60,CENSORED,0,0,0,Karula,3,79,ADULT_72_84,1,1
91,MALE,41244,41244,2012,42005,2015,0,CUB,MALE_CUB,25,12,24,SUBADULT,MALE_SUBADULT,CENSORED,0,0,0,Karula,4,105,ADULT_84,1,1
92,MALE,41244,41244,2012,42005,2015,0,CUB,MALE_CUB,25,12,24,SUBADULT,MALE_SUBADULT,CENSORED,0,0,0,Karula,4,105,ADULT_84,1,1
93,NA,41944,41944,2014,41974,2014,0,CUB,NA_CUB,1,1,1,CUB,NA_CUB,MORTALITY,1,1,1,Karula,5,128,ADULT_84,0,0
94,NA,38749,38749,2006,38930,2006,0,CUB,NA_CUB,6,6,6,CUB,NA_CUB,MORTALITY,1,1,1,Kikilezi,1,51,ADULT_48_60,0,0
95,MALE,38749,38749,2006,42005,2015,0,CUB,MALE_CUB,107,12,24,ADULT_84,MALE_ADULT_84,CENSORED,0,0,0,Kikilezi,1,51,ADULT_48_60,1,1
96,MALE,39479,39479,2008,39661,2008,0,CUB,MALE_CUB,6,6,6,CUB,MALE_CUB,MORTALITY,1,1,1,Kikilezi,2,75,ADULT_72_84,0,0
97,MALE,39479,39479,2008,40878,2011,0,CUB,MALE_CUB,46,12,24,ADULT_36_48,MALE_ADULT_36_48,CENSORED,0,0,0,Kikilezi,2,75,ADULT_72_84,1,1
98,MALE,40179,40179,2010,40360,2010,0,CUB,MALE_CUB,6,6,6,CUB,MALE_CUB,MORTALITY,1,1,1,Kikilezi,3,98,ADULT_84,0,0
99,MALE,40179,40179,2010,40391,2010,0,CUB,MALE_CUB,7,7,7,CUB,MALE_CUB,MORTALITY,1,1,1,Kikilezi,3,98,ADULT_84,0,0
100,FEMALE,40179,40179,2010,42005,2015,0,CUB,FEMALE_CUB,60,12,24,ADULT_48_60,FEMALE_ADULT_48_60,CENSORED,0,0,0,Kikilezi,3,98,ADULT_84,1,1
101,NA,40969,40969,2012,41061,2012,0,CUB,NA_CUB,3,3,3,CUB,NA_CUB,MORTALITY,1,1,1,Kikilezi,4,124,ADULT_84,0,0
102,MALE,40969,40969,2012,41244,2012,0,CUB,MALE_CUB,9,9,9,CUB,MALE_CUB,MORTALITY,1,1,1,Kikilezi,4,124,ADULT_84,0,0
103,NA,41456,41456,2013,41487,2013,0,CUB,NA_CUB,1,1,1,CUB,NA_CUB,MORTALITY,1,1,1,Kikilezi,5,140,ADULT_84,0,0
104,NA,41456,41456,2013,41487,2013,0,CUB,NA_CUB,1,1,1,CUB,NA_CUB,MORTALITY,1,1,1,Kikilezi,5,140,ADULT_84,0,0
105,FEMALE,41609,41609,2013,42005,2015,0,CUB,FEMALE_CUB,13,12,13,JUVENILE,FEMALE_JUVENILE,CENSORED,0,0,1,Kikilezi,6,145,ADULT_84,1,0
106,MALE,41609,41609,2013,42005,2015,0,CUB,MALE_CUB,13,12,13,JUVENILE,MALE_JUVENILE,CENSORED,0,0,1,Kikilezi,6,145,ADULT_84,1,0
107,MALE,39845,39845,2009,40544,2011,0,CUB,MALE_CUB,23,12,23,JUVENILE,MALE_JUVENILE,CENSORED,0,0,1,KK,1,33,SUBADULT,1,0
108,MALE,40575,40575,2011,40848,2011,0,CUB,MALE_CUB,9,9,9,CUB,MALE_CUB,MORTALITY,1,1,1,Kwatile,1,43,ADULT_36_48,0,0
109,NA,41306,41306,2013,41456,2013,0,CUB,NA_CUB,5,5,5,CUB,NA_CUB,MORTALITY,1,1,1,Kwatile,2,67,ADULT_60_72,0,0
110,MALE,41671,41671,2014,42005,2015,0,CUB,MALE_CUB,11,11,11,CUB,MALE_CUB,CENSORED,0,1,1,Kwatile,3,79,ADULT_72_84,0,0
111,MALE,40695,40695,2011,41214,2012,0,CUB,MALE_CUB,17,12,17,JUVENILE,MALE_JUVENILE,CENSORED,0,0,1,Kwela_Kwela,1,61,ADULT_60_72,1,0
112,FEMALE,41548,41548,2013,41791,2014,0,CUB,FEMALE_CUB,8,8,8,CUB,FEMALE_CUB,CENSORED,0,1,1,Kwela_Kwela,2,89,ADULT_84,0,0
113,NA,39661,39661,2008,40210,2010,0,CUB,NA_CUB,18,12,18,JUVENILE,NA_JUVENILE,CENSORED,0,0,1,Little_Bush,1,38,ADULT_36_48,1,0
114,FEMALE,40391,40391,2010,40603,2011,0,CUB,FEMALE_CUB,7,7,7,CUB,FEMALE_CUB,MORTALITY,1,1,1,Little_Bush,2,62,ADULT_60_72,0,0
115,NA,40878,40878,2011,40969,2012,0,CUB,NA_CUB,3,3,3,CUB,NA_CUB,MORTALITY,1,1,1,Little_Bush,3,78,ADULT_72_84,0,0
116,NA,40878,40878,2011,40969,2012,0,CUB,NA_CUB,3,3,3,CUB,NA_CUB,MORTALITY,1,1,1,Little_Bush,3,78,ADULT_72_84,0,0
117,NA,41275,41275,2013,41426,2013,0,CUB,NA_CUB,5,5,5,CUB,NA_CUB,MORTALITY,1,1,1,Little_Bush,4,91,ADULT_84,0,0
118,NA,41671,41671,2014,41821,2014,0,CUB,NA_CUB,5,5,5,CUB,NA_CUB,MORTALITY,1,1,1,Little_Bush,5,104,ADULT_84,0,0
119,MALE,41671,41671,2014,42005,2015,0,CUB,MALE_CUB,11,11,11,CUB,MALE_CUB,CENSORED,0,1,1,Little_Bush,5,104,ADULT_84,0,0
120,NA,39295,39295,2007,39326,2007,0,CUB,NA_CUB,1,1,1,CUB,NA_CUB,MORTALITY,1,1,1,Makubela,1,44,ADULT_36_48,0,0
121,NA,39295,39295,2007,39326,2007,0,CUB,NA_CUB,1,1,1,CUB,NA_CUB,MORTALITY,1,1,1,Makubela,1,44,ADULT_36_48,0,0
122,NA,39569,39569,2008,39630,2008,0,CUB,NA_CUB,2,2,2,CUB,NA_CUB,MORTALITY,1,1,1,Makubela,2,53,ADULT_48_60,0,0
123,NA,39569,39569,2008,39630,2008,0,CUB,NA_CUB,2,2,2,CUB,NA_CUB,MORTALITY,1,1,1,Makubela,2,53,ADULT_48_60,0,0
124,NA,39814,39814,2009,39904,2009,0,CUB,NA_CUB,3,3,3,CUB,NA_CUB,MORTALITY,1,1,1,Makubela,3,61,ADULT_60_72,0,0
125,NA,39814,39814,2009,39904,2009,0,CUB,NA_CUB,3,3,3,CUB,NA_CUB,MORTALITY,1,1,1,Makubela,3,61,ADULT_60_72,0,0
126,MALE,40148,40148,2009,40330,2010,0,CUB,MALE_CUB,6,6,6,CUB,MALE_CUB,MORTALITY,1,1,1,Makubela,4,72,ADULT_60_72,0,0
127,FEMALE,40148,40148,2009,40360,2010,0,CUB,FEMALE_CUB,7,7,7,CUB,FEMALE_CUB,MORTALITY,1,1,1,Makubela,4,72,ADULT_60_72,0,0
128,NA,35490,35490,1997,35521,1997,0,CUB,NA_CUB,1,1,1,CUB,NA_CUB,MORTALITY,1,1,1,Makwela,1,45,ADULT_36_48,0,0
129,NA,35490,35490,1997,35521,1997,0,CUB,NA_CUB,1,1,1,CUB,NA_CUB,MORTALITY,1,1,1,Makwela,1,45,ADULT_36_48,0,0
130,NA,35796,35796,1998,35855,1998,0,CUB,NA_CUB,2,2,2,CUB,NA_CUB,MORTALITY,1,1,1,Makwela,2,55,ADULT_48_60,0,0
131,NA,35796,35796,1998,35855,1998,0,CUB,NA_CUB,2,2,2,CUB,NA_CUB,MORTALITY,1,1,1,Makwela,2,55,ADULT_48_60,0,0
132,NA,36130,36130,1998,36220,1999,0,CUB,NA_CUB,3,3,3,CUB,NA_CUB,MORTALITY,1,1,1,Makwela,3,66,ADULT_60_72,0,0
133,NA,36130,36130,1998,36220,1999,0,CUB,NA_CUB,3,3,3,CUB,NA_CUB,MORTALITY,1,1,1,Makwela,3,66,ADULT_60_72,0,0
134,MALE,36465,36465,1999,37226,2001,0,CUB,MALE_CUB,25,12,24,SUBADULT,MALE_SUBADULT,CENSORED,0,0,0,Makwela,4,77,ADULT_72_84,1,1
135,MALE,36465,36465,1999,37226,2001,0,CUB,MALE_CUB,25,12,24,SUBADULT,MALE_SUBADULT,CENSORED,0,0,0,Makwela,4,77,ADULT_72_84,1,1
136,FEMALE,37226,37226,2001,37956,2003,0,CUB,FEMALE_CUB,24,12,24,JUVENILE,FEMALE_JUVENILE,MORTALITY,1,0,1,Makwela,5,102,ADULT_84,1,1
137,FEMALE,37226,37226,2001,40969,2012,0,CUB,FEMALE_CUB,123,12,24,ADULT_84,FEMALE_ADULT_84,MORTALITY,1,0,0,Makwela,5,102,ADULT_84,1,1
138,FEMALE,37226,37226,2001,41426,2013,0,CUB,FEMALE_CUB,138,12,24,ADULT_84,FEMALE_ADULT_84,MORTALITY,1,0,0,Makwela,5,102,ADULT_84,1,1
139,MALE,37987,37987,2004,38777,2006,0,CUB,MALE_CUB,26,12,24,SUBADULT,MALE_SUBADULT,CENSORED,0,0,0,Makwela,6,127,ADULT_84,1,1
140,NA,38687,38687,2005,38718,2006,0,CUB,NA_CUB,1,1,1,CUB,NA_CUB,MORTALITY,1,1,1,Makwela,7,150,ADULT_84,0,0
141,NA,38687,38687,2005,38718,2006,0,CUB,NA_CUB,1,1,1,CUB,NA_CUB,MORTALITY,1,1,1,Makwela,7,150,ADULT_84,0,0
142,FEMALE,38838,38838,2006,42005,2015,0,CUB,FEMALE_CUB,104,12,24,ADULT_84,FEMALE_ADULT_84,CENSORED,0,0,0,Makwela,8,155,ADULT_84,1,1
143,NA,39539,39539,2008,39661,2008,0,CUB,NA_CUB,4,4,4,CUB,NA_CUB,MORTALITY,1,1,1,Makwela,9,178,ADULT_84,0,0
144,NA,39539,39539,2008,39722,2008,0,CUB,NA_CUB,6,6,6,CUB,NA_CUB,MORTALITY,1,1,1,Makwela,9,178,ADULT_84,0,0
145,NA,39539,39539,2008,39722,2008,0,CUB,NA_CUB,6,6,6,CUB,NA_CUB,MORTALITY,1,1,1,Makwela,9,178,ADULT_84,0,0
146,NA,39845,39845,2009,39873,2009,0,CUB,NA_CUB,1,1,1,CUB,NA_CUB,MORTALITY,1,1,1,Makwela,10,188,ADULT_84,0,0
147,NA,39845,39845,2009,39873,2009,0,CUB,NA_CUB,1,1,1,CUB,NA_CUB,MORTALITY,1,1,1,Makwela,10,188,ADULT_84,0,0
148,NA,39022,39022,2006,39083,2007,0,CUB,NA_CUB,2,2,2,CUB,NA_CUB,MORTALITY,1,1,1,Mambiri,1,59,ADULT_48_60,0,0
149,FEMALE,39022,39022,2006,41730,2014,0,CUB,FEMALE_CUB,89,12,24,ADULT_84,FEMALE_ADULT_84,MORTALITY,1,0,0,Mambiri,1,59,ADULT_48_60,1,1
150,FEMALE,39904,39904,2009,42005,2015,0,CUB,FEMALE_CUB,69,12,24,ADULT_60_72,FEMALE_ADULT_60_72,CENSORED,0,0,0,Mambiri,2,88,ADULT_84,1,1
151,NA,41122,41122,2012,41153,2012,0,CUB,NA_CUB,1,1,1,CUB,NA_CUB,MORTALITY,1,1,1,Mashaba,1,47,ADULT_36_48,0,0
152,NA,41122,41122,2012,41153,2012,0,CUB,NA_CUB,1,1,1,CUB,NA_CUB,MORTALITY,1,1,1,Mashaba,1,47,ADULT_36_48,0,0
153,FEMALE,41122,41122,2012,42005,2015,0,CUB,FEMALE_CUB,29,12,24,SUBADULT,FEMALE_SUBADULT,CENSORED,0,0,0,Mashaba,1,47,ADULT_36_48,1,1
154,FEMALE,41426,41426,2013,42005,2015,0,CUB,FEMALE_CUB,19,12,19,JUVENILE,FEMALE_JUVENILE,CENSORED,0,0,1,Mashaba,1,47,ADULT_36_48,1,0
155,NA,41699,41699,2014,41760,2014,0,CUB,NA_CUB,2,2,2,CUB,NA_CUB,MORTALITY,1,1,1,Mashaba,2,66,ADULT_60_72,0,0
156,NA,41699,41699,2014,41760,2014,0,CUB,NA_CUB,2,2,2,CUB,NA_CUB,MORTALITY,1,1,1,Mashaba,2,66,ADULT_60_72,0,0
157,NA,41699,41699,2014,41760,2014,0,CUB,NA_CUB,2,2,2,CUB,NA_CUB,MORTALITY,1,1,1,Mashaba,2,66,ADULT_60_72,0,0
158,NA,38687,38687,2005,38808,2006,0,CUB,NA_CUB,4,4,4,CUB,NA_CUB,MORTALITY,1,1,1,Matshapiri,1,62,ADULT_60_72,0,0
159,FEMALE,38687,38687,2005,39448,2008,0,CUB,FEMALE_CUB,25,12,24,SUBADULT,FEMALE_SUBADULT,CENSORED,0,0,0,Matshapiri,1,62,ADULT_60_72,1,1
160,MALE,39661,39661,2008,41122,2012,0,CUB,MALE_CUB,48,12,24,ADULT_36_48,MALE_ADULT_36_48,CENSORED,0,0,0,Matshapiri,2,94,ADULT_84,1,1
161,MALE,40848,40848,2011,41183,2012,0,CUB,MALE_CUB,11,11,11,CUB,MALE_CUB,MORTALITY,1,1,1,Matshapiri,3,133,ADULT_84,0,0
162,FEMALE,40848,40848,2011,41518,2013,0,CUB,FEMALE_CUB,22,12,22,JUVENILE,FEMALE_JUVENILE,CENSORED,0,0,1,Matshapiri,3,133,ADULT_84,1,0
163,MALE,40238,40238,2010,40878,2011,0,CUB,MALE_CUB,21,12,21,JUVENILE,MALE_JUVENILE,CENSORED,0,0,1,Metsi,1,40,ADULT_36_48,1,0
164,MALE,40238,40238,2010,40878,2011,0,CUB,MALE_CUB,21,12,21,JUVENILE,MALE_JUVENILE,CENSORED,0,0,1,Metsi,1,40,ADULT_36_48,1,0
165,FEMALE,41122,41122,2012,42005,2015,0,CUB,FEMALE_CUB,29,12,24,SUBADULT,FEMALE_SUBADULT,CENSORED,0,0,0,Metsi,2,69,ADULT_60_72,1,1
166,NA,40299,40299,2010,40360,2010,0,CUB,NA_CUB,2,2,2,CUB,NA_CUB,MORTALITY,1,1,1,Mobeni,1,NA,NA,0,0
167,MALE,40664,40664,2011,40817,2011,0,CUB,MALE_CUB,5,5,5,CUB,MALE_CUB,MORTALITY,1,1,1,Mobeni,2,NA,NA,0,0
168,NA,40940,40940,2012,41153,2012,0,CUB,NA_CUB,7,7,7,CUB,NA_CUB,MORTALITY,1,1,1,Mobeni,3,NA,NA,0,0
169,MALE,40940,40940,2012,42005,2015,0,CUB,MALE_CUB,35,12,24,SUBADULT,MALE_SUBADULT,CENSORED,0,0,0,Mobeni,3,NA,NA,1,1
170,FEMALE,41640,41640,2014,42005,2015,0,CUB,FEMALE_CUB,12,12,12,CUB,FEMALE_CUB,CENSORED,0,1,1,Mobeni,4,NA,NA,1,0
171,MALE,41640,41640,2014,42005,2015,0,CUB,MALE_CUB,12,12,12,CUB,MALE_CUB,CENSORED,0,1,1,Mobeni,4,NA,NA,1,0
172,FEMALE,29099,29099,1979,30256,1982,0,CUB,FEMALE_CUB,38,12,24,ADULT_36_48,FEMALE_ADULT_36_48,MORTALITY,1,0,0,Mother,1,45,ADULT_36_48,1,1
173,FEMALE,29099,29099,1979,30834,1984,0,CUB,FEMALE_CUB,57,12,24,ADULT_48_60,FEMALE_ADULT_48_60,CENSORED,0,0,0,Mother,1,45,ADULT_36_48,1,1
174,MALE,29799,29799,1981,30376,1983,0,CUB,MALE_CUB,19,12,19,JUVENILE,MALE_JUVENILE,CENSORED,0,0,1,Mother,2,68,ADULT_60_72,1,0
175,FEMALE,29799,29799,1981,32295,1988,0,CUB,FEMALE_CUB,82,12,24,ADULT_72_84,FEMALE_ADULT_72_84,MORTALITY,1,0,0,Mother,2,68,ADULT_60_72,1,1
176,NA,30317,30317,1983,30407,1983,0,CUB,NA_CUB,3,3,3,CUB,NA_CUB,MORTALITY,1,1,1,Mother,3,85,ADULT_84,0,0
177,NA,30317,30317,1983,30407,1983,0,CUB,NA_CUB,3,3,3,CUB,NA_CUB,MORTALITY,1,1,1,Mother,3,85,ADULT_84,0,0
178,FEMALE,30317,30317,1983,30713,1984,0,CUB,FEMALE_CUB,13,12,13,JUVENILE,FEMALE_JUVENILE,CENSORED,0,0,1,Mother,3,85,ADULT_84,1,0
179,MALE,30773,30773,1984,31382,1985,0,CUB,MALE_CUB,20,12,20,JUVENILE,MALE_JUVENILE,MORTALITY,1,0,1,Mother,4,100,ADULT_84,1,0
180,FEMALE,30773,30773,1984,36831,2000,0,CUB,FEMALE_CUB,199,12,24,ADULT_84,FEMALE_ADULT_84,MORTALITY,1,0,0,Mother,4,100,ADULT_84,1,1
181,MALE,31321,31321,1985,31747,1986,0,CUB,MALE_CUB,14,12,14,JUVENILE,MALE_JUVENILE,CENSORED,0,0,1,Mother,5,118,ADULT_84,1,0
182,FEMALE,31321,31321,1985,33329,1991,0,CUB,FEMALE_CUB,66,12,24,ADULT_60_72,FEMALE_ADULT_60_72,MORTALITY,1,0,0,Mother,5,118,ADULT_84,1,1
183,NA,31778,31778,1987,31809,1987,0,CUB,NA_CUB,1,1,1,CUB,NA_CUB,MORTALITY,1,1,1,Mother,6,133,ADULT_84,0,0
184,NA,31778,31778,1987,31809,1987,0,CUB,NA_CUB,1,1,1,CUB,NA_CUB,MORTALITY,1,1,1,Mother,6,133,ADULT_84,0,0
185,MALE,31929,31929,1987,33025,1990,0,CUB,MALE_CUB,36,12,24,SUBADULT,MALE_SUBADULT,CENSORED,0,0,0,Mother,7,138,ADULT_84,1,1
186,NA,32356,32356,1988,32478,1988,0,CUB,NA_CUB,4,4,4,CUB,NA_CUB,MORTALITY,1,1,1,Mother,8,152,ADULT_84,0,0
187,FEMALE,32356,32356,1988,34121,1993,0,CUB,FEMALE_CUB,58,12,24,ADULT_48_60,FEMALE_ADULT_48_60,MORTALITY,1,0,0,Mother,8,152,ADULT_84,1,1
188,MALE,32782,32782,1989,33298,1991,0,CUB,MALE_CUB,17,12,17,JUVENILE,MALE_JUVENILE,CENSORED,0,0,1,Mother,9,166,ADULT_84,1,0
189,NA,37196,37196,2001,37257,2002,0,CUB,NA_CUB,2,2,2,CUB,NA_CUB,MORTALITY,1,1,1,Mxabene,1,46,ADULT_36_48,0,0
190,NA,37196,37196,2001,37257,2002,0,CUB,NA_CUB,2,2,2,CUB,NA_CUB,MORTALITY,1,1,1,Mxabene,1,46,ADULT_36_48,0,0
191,MALE,37347,37347,2002,37469,2002,0,CUB,MALE_CUB,4,4,4,CUB,MALE_CUB,MORTALITY,1,1,1,Mxabene,2,51,ADULT_48_60,0,0
192,FEMALE,37347,37347,2002,38322,2004,0,CUB,FEMALE_CUB,32,12,24,SUBADULT,FEMALE_SUBADULT,MORTALITY,1,0,0,Mxabene,2,51,ADULT_48_60,1,1
193,NA,38139,38139,2004,38261,2004,0,CUB,NA_CUB,4,4,4,CUB,NA_CUB,MORTALITY,1,1,1,Mxabene,3,77,ADULT_72_84,0,0
194,NA,38139,38139,2004,38261,2004,0,CUB,NA_CUB,4,4,4,CUB,NA_CUB,MORTALITY,1,1,1,Mxabene,3,77,ADULT_72_84,0,0
195,NA,38657,38657,2005,38687,2005,0,CUB,NA_CUB,1,1,1,CUB,NA_CUB,MORTALITY,1,1,1,Mxabene,4,94,ADULT_84,0,0
196,NA,38657,38657,2005,38749,2006,0,CUB,NA_CUB,3,3,3,CUB,NA_CUB,MORTALITY,1,1,1,Mxabene,4,94,ADULT_84,0,0
197,MALE,38808,38808,2006,39022,2006,0,CUB,MALE_CUB,7,7,7,CUB,MALE_CUB,MORTALITY,1,1,1,Mxabene,5,99,ADULT_84,0,0
198,MALE,38808,38808,2006,41306,2013,0,CUB,MALE_CUB,82,12,24,ADULT_72_84,MALE_ADULT_72_84,CENSORED,0,0,0,Mxabene,5,99,ADULT_84,1,1
199,MALE,39692,39692,2008,42005,2015,0,CUB,MALE_CUB,76,12,24,ADULT_72_84,MALE_ADULT_72_84,CENSORED,0,0,0,Mxabene,6,128,ADULT_84,1,1
200,MALE,39692,39692,2008,42005,2015,0,CUB,MALE_CUB,76,12,24,ADULT_72_84,MALE_ADULT_72_84,CENSORED,0,0,0,Mxabene,6,128,ADULT_84,1,1
201,NA,40544,40544,2011,40603,2011,0,CUB,NA_CUB,2,2,2,CUB,NA_CUB,MORTALITY,1,1,1,Mxabene,7,156,ADULT_84,0,0
202,NA,40544,40544,2011,40603,2011,0,CUB,NA_CUB,2,2,2,CUB,NA_CUB,MORTALITY,1,1,1,Mxabene,7,156,ADULT_84,0,0
203,NA,41153,41153,2012,41183,2012,0,CUB,NA_CUB,1,1,1,CUB,NA_CUB,MORTALITY,1,1,1,Mxabene,8,176,ADULT_84,0,0
204,MALE,41426,41426,2013,41579,2013,0,CUB,MALE_CUB,5,5,5,CUB,MALE_CUB,MORTALITY,1,1,1,Nanga,1,47,ADULT_36_48,0,0
205,MALE,41426,41426,2013,42005,2015,0,CUB,MALE_CUB,19,12,19,JUVENILE,MALE_JUVENILE,CENSORED,0,0,1,Nanga,1,47,ADULT_36_48,1,0
206,NA,41760,41760,2014,41852,2014,0,CUB,NA_CUB,3,3,3,CUB,NA_CUB,MORTALITY,1,1,1,Nanga,2,58,ADULT_48_60,0,0
207,NA,41760,41760,2014,41852,2014,0,CUB,NA_CUB,3,3,3,CUB,NA_CUB,MORTALITY,1,1,1,Nanga,2,58,ADULT_48_60,0,0
208,NA,35765,35765,1997,35827,1998,0,CUB,NA_CUB,2,2,2,CUB,NA_CUB,MORTALITY,1,1,1,Ngoboswan,1,45,ADULT_36_48,0,0
209,FEMALE,35765,35765,1997,41456,2013,0,CUB,FEMALE_CUB,187,12,24,ADULT_84,FEMALE_ADULT_84,MORTALITY,1,0,0,Ngoboswan,1,45,ADULT_36_48,1,1
210,MALE,36434,36434,1999,36526,2000,0,CUB,MALE_CUB,3,3,3,CUB,MALE_CUB,MORTALITY,1,1,1,Ngoboswan,2,67,ADULT_60_72,0,0
211,FEMALE,36434,36434,1999,37408,2002,0,CUB,FEMALE_CUB,32,12,24,SUBADULT,FEMALE_SUBADULT,CENSORED,0,0,0,Ngoboswan,2,67,ADULT_60_72,1,1
212,FEMALE,36434,36434,1999,41395,2013,0,CUB,FEMALE_CUB,163,12,24,ADULT_84,FEMALE_ADULT_84,MORTALITY,1,0,0,Ngoboswan,2,67,ADULT_60_72,1,1
213,MALE,37196,37196,2001,37469,2002,0,CUB,MALE_CUB,9,9,9,CUB,MALE_CUB,MORTALITY,1,1,1,Ngoboswan,3,92,ADULT_84,0,0
214,FEMALE,37196,37196,2001,37834,2003,0,CUB,FEMALE_CUB,21,12,21,JUVENILE,FEMALE_JUVENILE,MORTALITY,1,0,1,Ngoboswan,3,92,ADULT_84,1,0
215,FEMALE,37196,37196,2001,42005,2015,0,CUB,FEMALE_CUB,158,12,24,ADULT_84,FEMALE_ADULT_84,CENSORED,0,0,0,Ngoboswan,3,92,ADULT_84,1,1
216,NA,38261,38261,2004,38292,2004,0,CUB,NA_CUB,1,1,1,CUB,NA_CUB,MORTALITY,1,1,1,Ngoboswan,4,127,ADULT_84,0,0
217,NA,38261,38261,2004,38292,2004,0,CUB,NA_CUB,1,1,1,CUB,NA_CUB,MORTALITY,1,1,1,Ngoboswan,4,127,ADULT_84,0,0
218,NA,38384,38384,2005,38504,2005,0,CUB,NA_CUB,4,4,4,CUB,NA_CUB,MORTALITY,1,1,1,Ngoboswan,5,131,ADULT_84,0,0
219,NA,38384,38384,2005,38504,2005,0,CUB,NA_CUB,4,4,4,CUB,NA_CUB,MORTALITY,1,1,1,Ngoboswan,5,131,ADULT_84,0,0
220,NA,38384,38384,2005,38504,2005,0,CUB,NA_CUB,4,4,4,CUB,NA_CUB,MORTALITY,1,1,1,Ngoboswan,5,131,ADULT_84,0,0
221,NA,38657,38657,2005,38777,2006,0,CUB,NA_CUB,4,4,4,CUB,NA_CUB,MORTALITY,1,1,1,Ngoboswan,6,140,ADULT_84,0,0
222,MALE,38657,38657,2005,39753,2008,0,CUB,MALE_CUB,36,12,24,SUBADULT,MALE_SUBADULT,CENSORED,0,0,0,Ngoboswan,6,140,ADULT_84,1,1
223,NA,39356,39356,2007,39600,2008,0,CUB,NA_CUB,8,8,8,CUB,NA_CUB,MORTALITY,1,1,1,Ngoboswan,7,163,ADULT_84,0,0
224,FEMALE,39356,39356,2007,42005,2015,0,CUB,FEMALE_CUB,87,12,24,ADULT_84,FEMALE_ADULT_84,CENSORED,0,0,0,Ngoboswan,7,163,ADULT_84,1,1
225,FEMALE,36100,36100,1998,37316,2002,0,CUB,FEMALE_CUB,40,12,24,ADULT_36_48,FEMALE_ADULT_36_48,MORTALITY,1,0,0,Nottens,1,37,ADULT_36_48,1,1
226,FEMALE,36100,36100,1998,42005,2015,0,CUB,FEMALE_CUB,194,12,24,ADULT_84,FEMALE_ADULT_84,CENSORED,0,0,0,Nottens,1,37,ADULT_36_48,1,1
227,NA,37165,37165,2001,37226,2001,0,CUB,NA_CUB,2,2,2,CUB,NA_CUB,MORTALITY,1,1,1,Nottens,2,72,ADULT_60_72,0,0
228,NA,37165,37165,2001,37226,2001,0,CUB,NA_CUB,2,2,2,CUB,NA_CUB,MORTALITY,1,1,1,Nottens,2,72,ADULT_60_72,0,0
229,FEMALE,37561,37561,2002,37622,2003,0,CUB,FEMALE_CUB,2,2,2,CUB,FEMALE_CUB,MORTALITY,1,1,1,Nottens,3,85,ADULT_84,0,0
230,NA,37865,37865,2003,38018,2004,0,CUB,NA_CUB,5,5,5,CUB,NA_CUB,MORTALITY,1,1,1,Nottens,4,95,ADULT_84,0,0
231,NA,37865,37865,2003,38018,2004,0,CUB,NA_CUB,5,5,5,CUB,NA_CUB,MORTALITY,1,1,1,Nottens,4,95,ADULT_84,0,0
232,NA,38412,38412,2005,38504,2005,0,CUB,NA_CUB,3,3,3,CUB,NA_CUB,MORTALITY,1,1,1,Nottens,5,113,ADULT_84,0,0
233,NA,38412,38412,2005,38504,2005,0,CUB,NA_CUB,3,3,3,CUB,NA_CUB,MORTALITY,1,1,1,Nottens,5,113,ADULT_84,0,0
234,NA,38869,38869,2006,38961,2006,0,CUB,NA_CUB,3,3,3,CUB,NA_CUB,MORTALITY,1,1,1,Nottens,6,128,ADULT_84,0,0
235,FEMALE,38869,38869,2006,39448,2008,0,CUB,FEMALE_CUB,19,12,19,JUVENILE,FEMALE_JUVENILE,CENSORED,0,0,1,Nottens,6,128,ADULT_84,1,0
236,NA,39753,39753,2008,39783,2008,0,CUB,NA_CUB,1,1,1,CUB,NA_CUB,MORTALITY,1,1,1,Nottens,7,157,ADULT_84,0,0
237,NA,39753,39753,2008,39783,2008,0,CUB,NA_CUB,1,1,1,CUB,NA_CUB,MORTALITY,1,1,1,Nottens,7,157,ADULT_84,0,0
238,NA,40179,40179,2010,40210,2010,0,CUB,NA_CUB,1,1,1,CUB,NA_CUB,MORTALITY,1,1,1,Nottens,8,171,ADULT_84,0,0
239,NA,40179,40179,2010,40210,2010,0,CUB,NA_CUB,1,1,1,CUB,NA_CUB,MORTALITY,1,1,1,Nottens,8,171,ADULT_84,0,0
240,NA,41334,41334,2013,41365,2013,0,CUB,NA_CUB,1,1,1,CUB,NA_CUB,MORTALITY,1,1,1,Nsele,1,53,ADULT_48_60,0,0
241,NA,41334,41334,2013,41365,2013,0,CUB,NA_CUB,1,1,1,CUB,NA_CUB,MORTALITY,1,1,1,Nsele,1,53,ADULT_48_60,0,0
242,NA,41518,41518,2013,42005,2015,0,CUB,NA_CUB,16,12,16,JUVENILE,NA_JUVENILE,CENSORED,0,0,1,Nsele,2,47,ADULT_36_48,1,0
243,NA,41518,41518,2013,42005,2015,0,CUB,NA_CUB,16,12,16,JUVENILE,NA_JUVENILE,CENSORED,0,0,1,Nsele,2,47,ADULT_36_48,1,0
244,NA,39114,39114,2007,39173,2007,0,CUB,NA_CUB,2,2,2,CUB,NA_CUB,MORTALITY,1,1,1,Nyeleti,1,49,ADULT_48_60,0,0
245,NA,39114,39114,2007,39173,2007,0,CUB,NA_CUB,2,2,2,CUB,NA_CUB,MORTALITY,1,1,1,Nyeleti,1,49,ADULT_48_60,0,0
246,FEMALE,39539,39539,2008,39753,2008,0,CUB,FEMALE_CUB,7,7,7,CUB,FEMALE_CUB,MORTALITY,1,1,1,Nyeleti,2,63,ADULT_60_72,0,0
247,FEMALE,39539,39539,2008,40452,2010,0,CUB,FEMALE_CUB,30,12,24,SUBADULT,FEMALE_SUBADULT,MORTALITY,1,0,0,Nyeleti,2,63,ADULT_60_72,1,1
248,MALE,39995,39995,2009,40940,2012,0,CUB,MALE_CUB,31,12,24,SUBADULT,MALE_SUBADULT,CENSORED,0,0,0,Nyeleti,3,78,ADULT_72_84,1,1
249,FEMALE,39995,39995,2009,42005,2015,0,CUB,FEMALE_CUB,66,12,24,ADULT_60_72,FEMALE_ADULT_60_72,CENSORED,0,0,0,Nyeleti,3,78,ADULT_72_84,1,1
250,MALE,39995,39995,2009,42005,2015,0,CUB,MALE_CUB,66,12,24,ADULT_60_72,MALE_ADULT_60_72,CENSORED,0,0,0,Nyeleti,3,78,ADULT_72_84,1,1
251,MALE,39814,39814,2009,40057,2009,0,CUB,MALE_CUB,8,8,8,CUB,MALE_CUB,MORTALITY,1,1,1,Ostrich_Koppies,1,51,ADULT_48_60,0,0
252,MALE,39814,39814,2009,40118,2009,0,CUB,MALE_CUB,10,10,10,CUB,MALE_CUB,MORTALITY,1,1,1,Ostrich_Koppies,1,51,ADULT_48_60,0,0
253,NA,40422,40422,2010,40513,2010,0,CUB,NA_CUB,3,3,3,CUB,NA_CUB,MORTALITY,1,1,1,Ostrich_Koppies,2,71,ADULT_60_72,0,0
254,FEMALE,40422,40422,2010,40940,2012,0,CUB,FEMALE_CUB,17,12,17,JUVENILE,FEMALE_JUVENILE,CENSORED,0,0,1,Ostrich_Koppies,2,71,ADULT_60_72,1,0
255,NA,41030,41030,2012,41061,2012,0,CUB,NA_CUB,1,1,1,CUB,NA_CUB,MORTALITY,1,1,1,Ostrich_Koppies,3,91,ADULT_84,0,0
256,NA,41030,41030,2012,41061,2012,0,CUB,NA_CUB,1,1,1,CUB,NA_CUB,MORTALITY,1,1,1,Ostrich_Koppies,3,91,ADULT_84,0,0
257,NA,41275,41275,2013,41365,2013,0,CUB,NA_CUB,3,3,3,CUB,NA_CUB,MORTALITY,1,1,1,Ostrich_Koppies,4,99,ADULT_84,0,0
258,FEMALE,41275,41275,2013,41456,2013,0,CUB,FEMALE_CUB,6,6,6,CUB,FEMALE_CUB,MORTALITY,1,1,1,Ostrich_Koppies,4,99,ADULT_84,0,0
259,NA,41640,41640,2014,41671,2014,0,CUB,NA_CUB,1,1,1,CUB,NA_CUB,MORTALITY,1,1,1,Ostrich_Koppies,5,111,ADULT_84,0,0
260,NA,41640,41640,2014,41672,2014,0,CUB,NA_CUB,1,1,1,CUB,NA_CUB,MORTALITY,1,1,1,Ostrich_Koppies,5,111,ADULT_84,0,0
261,FEMALE,41791,41791,2014,41944,2014,0,CUB,FEMALE_CUB,5,5,5,CUB,FEMALE_CUB,MORTALITY,1,1,1,Ostrich_Koppies,6,116,ADULT_84,0,0
262,MALE,41791,41791,2014,42005,2015,0,CUB,MALE_CUB,7,7,7,CUB,MALE_CUB,CENSORED,0,1,1,Ostrich_Koppies,6,116,ADULT_84,0,0
263,NA,38534,38534,2005,38565,2005,0,CUB,NA_CUB,1,1,1,CUB,NA_CUB,MORTALITY,1,1,1,Ravenscourt,1,43,ADULT_36_48,0,0
264,NA,38534,38534,2005,38565,2005,0,CUB,NA_CUB,1,1,1,CUB,NA_CUB,MORTALITY,1,1,1,Ravenscourt,1,43,ADULT_36_48,0,0
265,FEMALE,38777,38777,2006,38869,2006,0,CUB,FEMALE_CUB,3,3,3,CUB,FEMALE_CUB,MORTALITY,1,1,1,Ravenscourt,2,51,ADULT_48_60,0,0
266,MALE,38777,38777,2006,39753,2008,0,CUB,MALE_CUB,32,12,24,SUBADULT,MALE_SUBADULT,CENSORED,0,0,0,Ravenscourt,2,51,ADULT_48_60,1,1
267,FEMALE,39417,39417,2007,39539,2008,0,CUB,FEMALE_CUB,4,4,4,CUB,FEMALE_CUB,MORTALITY,1,1,1,Ravenscourt,3,72,ADULT_60_72,0,0
268,MALE,39417,39417,2007,40940,2012,0,CUB,MALE_CUB,50,12,24,ADULT_48_60,MALE_ADULT_48_60,CENSORED,0,0,0,Ravenscourt,3,72,ADULT_60_72,1,1
269,MALE,39904,39904,2009,40330,2010,0,CUB,MALE_CUB,14,12,14,JUVENILE,MALE_JUVENILE,MORTALITY,1,0,1,Ravenscourt,4,88,ADULT_84,1,0
270,MALE,39904,39904,2009,40575,2011,0,CUB,MALE_CUB,22,12,22,JUVENILE,MALE_JUVENILE,CENSORED,0,0,1,Ravenscourt,4,88,ADULT_84,1,0
271,MALE,40544,40544,2011,40575,2011,0,CUB,MALE_CUB,1,1,1,CUB,MALE_CUB,MORTALITY,1,1,1,Ravenscourt,5,109,ADULT_84,0,0
272,MALE,40544,40544,2011,40695,2011,0,CUB,MALE_CUB,5,5,5,CUB,MALE_CUB,MORTALITY,1,1,1,Ravenscourt,5,109,ADULT_84,0,0
273,FEMALE,40544,40544,2011,40817,2011,0,CUB,FEMALE_CUB,9,9,9,CUB,FEMALE_CUB,MORTALITY,1,1,1,Ravenscourt,5,109,ADULT_84,0,0
274,NA,40940,40940,2012,40969,2012,0,CUB,NA_CUB,1,1,1,CUB,NA_CUB,MORTALITY,1,1,1,Ravenscourt,6,122,ADULT_84,0,0
275,MALE,40940,40940,2012,41153,2012,0,CUB,MALE_CUB,7,7,7,CUB,MALE_CUB,MORTALITY,1,1,1,Ravenscourt,6,122,ADULT_84,0,0
276,MALE,40940,40940,2012,42005,2015,0,CUB,MALE_CUB,35,12,24,SUBADULT,MALE_SUBADULT,CENSORED,0,0,0,Ravenscourt,6,122,ADULT_84,1,1
277,FEMALE,38838,38838,2006,40969,2012,0,CUB,FEMALE_CUB,70,12,24,ADULT_60_72,FEMALE_ADULT_60_72,MORTALITY,1,0,0,Rollercoaster,1,47,ADULT_36_48,1,1
278,NA,39783,39783,2008,39873,2009,0,CUB,NA_CUB,3,3,3,CUB,NA_CUB,MORTALITY,1,1,1,Rollercoaster,2,78,ADULT_72_84,0,0
279,MALE,39783,39783,2008,40483,2010,0,CUB,MALE_CUB,23,12,23,JUVENILE,MALE_JUVENILE,CENSORED,0,0,1,Rollercoaster,2,78,ADULT_72_84,1,0
280,MALE,40634,40634,2011,41548,2013,0,CUB,MALE_CUB,30,12,24,SUBADULT,MALE_SUBADULT,CENSORED,0,0,0,Rollercoaster,3,106,ADULT_84,1,1
281,FEMALE,41244,41244,2012,42005,2015,0,CUB,FEMALE_CUB,25,12,24,SUBADULT,FEMALE_SUBADULT,CENSORED,0,0,0,Rollercoaster,4,126,ADULT_84,1,1
282,NA,32690,32690,1989,32752,1989,0,CUB,NA_CUB,2,2,2,CUB,NA_CUB,MORTALITY,1,1,1,Sand_River,1,45,ADULT_36_48,0,0
283,NA,32690,32690,1989,32752,1989,0,CUB,NA_CUB,2,2,2,CUB,NA_CUB,MORTALITY,1,1,1,Sand_River,1,45,ADULT_36_48,0,0
284,NA,32964,32964,1990,33055,1990,0,CUB,NA_CUB,3,3,3,CUB,NA_CUB,MORTALITY,1,1,1,Sand_River,2,54,ADULT_48_60,0,0
285,FEMALE,32964,32964,1990,33390,1991,0,CUB,FEMALE_CUB,14,12,14,JUVENILE,FEMALE_JUVENILE,CENSORED,0,0,1,Sand_River,2,54,ADULT_48_60,1,0
286,MALE,35704,35704,1997,36434,1999,0,CUB,MALE_CUB,24,12,24,JUVENILE,MALE_JUVENILE,CENSORED,0,0,1,Safari,1,55,ADULT_48_60,1,1
287,MALE,35704,35704,1997,36434,1999,0,CUB,MALE_CUB,24,12,24,JUVENILE,MALE_JUVENILE,CENSORED,0,0,1,Safari,1,55,ADULT_48_60,1,1
288,NA,36557,36557,2000,36617,2000,0,CUB,NA_CUB,2,2,2,CUB,NA_CUB,MORTALITY,1,1,1,Safari,2,83,ADULT_72_84,0,0
289,NA,36557,36557,2000,36617,2000,0,CUB,NA_CUB,2,2,2,CUB,NA_CUB,MORTALITY,1,1,1,Safari,2,83,ADULT_72_84,0,0
290,MALE,36892,36892,2001,37926,2003,0,CUB,MALE_CUB,34,12,24,SUBADULT,MALE_SUBADULT,MORTALITY,1,0,0,Safari,3,94,ADULT_84,1,1
291,MALE,36892,36892,2001,37926,2003,0,CUB,MALE_CUB,34,12,24,SUBADULT,MALE_SUBADULT,MORTALITY,1,0,0,Safari,3,94,ADULT_84,1,1
292,FEMALE,38047,38047,2004,38777,2006,0,CUB,FEMALE_CUB,24,12,24,JUVENILE,FEMALE_JUVENILE,MORTALITY,1,0,1,Safari,4,132,ADULT_84,1,1
293,FEMALE,38047,38047,2004,42005,2015,0,CUB,FEMALE_CUB,130,12,24,ADULT_84,FEMALE_ADULT_84,CENSORED,0,0,0,Safari,4,132,ADULT_84,1,1
294,FEMALE,38687,38687,2005,39052,2006,0,CUB,FEMALE_CUB,12,12,12,CUB,FEMALE_CUB,MORTALITY,1,1,1,Safari,5,153,ADULT_84,1,0
295,MALE,38687,38687,2005,40179,2010,0,CUB,MALE_CUB,49,12,24,ADULT_48_60,MALE_ADULT_48_60,CENSORED,0,0,0,Safari,5,153,ADULT_84,1,1
296,NA,39783,39783,2008,39845,2009,0,CUB,NA_CUB,2,2,2,CUB,NA_CUB,MORTALITY,1,1,1,Safari,6,189,ADULT_84,0,0
297,NA,39783,39783,2008,39845,2009,0,CUB,NA_CUB,2,2,2,CUB,NA_CUB,MORTALITY,1,1,1,Safari,6,189,ADULT_84,0,0
298,NA,39722,39722,2008,39753,2008,0,CUB,NA_CUB,1,1,1,CUB,NA_CUB,MORTALITY,1,1,1,Salayexe,1,42,ADULT_36_48,0,0
299,NA,39722,39722,2008,39753,2008,0,CUB,NA_CUB,1,1,1,CUB,NA_CUB,MORTALITY,1,1,1,Salayexe,1,42,ADULT_36_48,0,0
300,MALE,39904,39904,2009,40575,2011,0,CUB,MALE_CUB,22,12,22,JUVENILE,MALE_JUVENILE,CENSORED,0,0,1,Salayexe,2,48,ADULT_36_48,1,0
301,FEMALE,39904,39904,2009,42005,2015,0,CUB,FEMALE_CUB,69,12,24,ADULT_60_72,FEMALE_ADULT_60_72,CENSORED,0,0,0,Salayexe,2,48,ADULT_36_48,1,1
302,NA,40575,40575,2011,40695,2011,0,CUB,NA_CUB,4,4,4,CUB,NA_CUB,MORTALITY,1,1,1,Salayexe,3,70,ADULT_60_72,0,0
303,NA,40575,40575,2011,40695,2011,0,CUB,NA_CUB,4,4,4,CUB,NA_CUB,MORTALITY,1,1,1,Salayexe,3,70,ADULT_60_72,0,0
304,NA,40848,40848,2011,40878,2011,0,CUB,NA_CUB,1,1,1,CUB,NA_CUB,MORTALITY,1,1,1,Salayexe,4,79,ADULT_72_84,0,0
305,NA,40848,40848,2011,40878,2011,0,CUB,NA_CUB,1,1,1,CUB,NA_CUB,MORTALITY,1,1,1,Salayexe,4,79,ADULT_72_84,0,0
306,NA,41061,41061,2012,41122,2012,0,CUB,NA_CUB,2,2,2,CUB,NA_CUB,MORTALITY,1,1,1,Salayexe,5,86,ADULT_84,0,0
307,FEMALE,41061,41061,2012,41426,2013,0,CUB,FEMALE_CUB,12,12,12,CUB,FEMALE_CUB,MORTALITY,1,1,1,Salayexe,5,86,ADULT_84,1,0
308,NA,41699,41699,2014,41791,2014,0,CUB,NA_CUB,3,3,3,CUB,NA_CUB,MORTALITY,1,1,1,Salayexe,6,107,ADULT_84,0,0
309,NA,41699,41699,2014,41791,2014,0,CUB,NA_CUB,3,3,3,CUB,NA_CUB,MORTALITY,1,1,1,Salayexe,6,107,ADULT_84,0,0
310,NA,41944,41944,2014,42005,2015,0,CUB,NA_CUB,2,2,2,CUB,NA_CUB,MORTALITY,1,1,1,Salayexe,7,115,ADULT_84,0,0
311,MALE,36678,36678,2000,37226,2001,0,CUB,MALE_CUB,18,12,18,JUVENILE,MALE_JUVENILE,CENSORED,0,0,1,Saseka,1,36,SUBADULT,1,0
312,MALE,36678,36678,2000,37226,2001,0,CUB,MALE_CUB,18,12,18,JUVENILE,MALE_JUVENILE,CENSORED,0,0,1,Saseka,1,36,SUBADULT,1,0
313,FEMALE,37622,37622,2003,40695,2011,0,CUB,FEMALE_CUB,101,12,24,ADULT_84,FEMALE_ADULT_84,MORTALITY,1,0,0,Saseka,2,67,ADULT_60_72,1,1
314,NA,38322,38322,2004,38353,2005,0,CUB,NA_CUB,1,1,1,CUB,NA_CUB,MORTALITY,1,1,1,Saseka,3,90,ADULT_84,0,0
315,NA,38322,38322,2004,38353,2005,0,CUB,NA_CUB,1,1,1,CUB,NA_CUB,MORTALITY,1,1,1,Saseka,3,90,ADULT_84,0,0
316,NA,38443,38443,2005,38534,2005,0,CUB,NA_CUB,3,3,3,CUB,NA_CUB,MORTALITY,1,1,1,Saseka,4,94,ADULT_84,0,0
317,FEMALE,38443,38443,2005,42005,2015,0,CUB,FEMALE_CUB,117,12,24,ADULT_84,FEMALE_ADULT_84,CENSORED,0,0,0,Saseka,4,94,ADULT_84,1,1
318,NA,39052,39052,2006,39114,2007,0,CUB,NA_CUB,2,2,2,CUB,NA_CUB,MORTALITY,1,1,1,Saseka,5,114,ADULT_84,0,0
319,NA,39052,39052,2006,39264,2007,0,CUB,NA_CUB,7,7,7,CUB,NA_CUB,MORTALITY,1,1,1,Saseka,5,114,ADULT_84,0,0
320,FEMALE,41244,41244,2012,42005,2015,0,CUB,FEMALE_CUB,25,12,24,SUBADULT,FEMALE_SUBADULT,CENSORED,0,0,0,Scotia,1,42,ADULT_36_48,1,1
321,FEMALE,41852,41852,2014,42005,2015,0,CUB,FEMALE_CUB,5,5,5,CUB,FEMALE_CUB,CENSORED,0,1,1,Scotia,2,62,ADULT_60_72,0,0
322,MALE,41852,41852,2014,42005,2015,0,CUB,MALE_CUB,5,5,5,CUB,MALE_CUB,CENSORED,0,1,1,Scotia,2,62,ADULT_60_72,0,0
323,NA,40452,40452,2010,40513,2010,0,CUB,NA_CUB,2,2,2,CUB,NA_CUB,MORTALITY,1,1,1,Shadow,1,44,ADULT_36_48,0,0
324,NA,40452,40452,2010,40634,2011,0,CUB,NA_CUB,6,6,6,CUB,NA_CUB,MORTALITY,1,1,1,Shadow,1,44,ADULT_36_48,0,0
325,NA,40909,40909,2012,40940,2012,0,CUB,NA_CUB,1,1,1,CUB,NA_CUB,MORTALITY,1,1,1,Shadow,2,59,ADULT_48_60,0,0
326,NA,40909,40909,2012,40940,2012,0,CUB,NA_CUB,1,1,1,CUB,NA_CUB,MORTALITY,1,1,1,Shadow,2,59,ADULT_48_60,0,0
327,FEMALE,41183,41183,2012,41426,2013,0,CUB,FEMALE_CUB,8,8,8,CUB,FEMALE_CUB,MORTALITY,1,1,1,Shadow,3,68,ADULT_60_72,0,0
328,FEMALE,41183,41183,2012,41426,2013,0,CUB,FEMALE_CUB,8,8,8,CUB,FEMALE_CUB,MORTALITY,1,1,1,Shadow,3,68,ADULT_60_72,0,0
329,NA,41579,41579,2013,41730,2014,0,CUB,NA_CUB,5,5,5,CUB,NA_CUB,MORTALITY,1,1,1,Shadow,4,81,ADULT_72_84,0,0
330,NA,41579,41579,2013,41760,2014,0,CUB,NA_CUB,6,6,6,CUB,NA_CUB,MORTALITY,1,1,1,Shadow,4,81,ADULT_72_84,0,0
331,NA,41883,41883,2014,41944,2014,0,CUB,NA_CUB,2,2,2,CUB,NA_CUB,MORTALITY,1,1,1,Shadow,5,91,ADULT_84,0,0
332,MALE,41883,41883,2014,42005,2015,0,CUB,MALE_CUB,4,4,4,CUB,MALE_CUB,CENSORED,0,1,1,Shadow,5,91,ADULT_84,0,0
333,NA,37469,37469,2002,37530,2002,0,CUB,NA_CUB,2,2,2,CUB,NA_CUB,MORTALITY,1,1,1,Shangwa,1,45,ADULT_36_48,0,0
334,NA,37469,37469,2002,37530,2002,0,CUB,NA_CUB,2,2,2,CUB,NA_CUB,MORTALITY,1,1,1,Shangwa,1,45,ADULT_36_48,0,0
335,NA,37712,37712,2003,37742,2003,0,CUB,NA_CUB,1,1,1,CUB,NA_CUB,MORTALITY,1,1,1,Shangwa,2,53,ADULT_48_60,0,0
336,NA,37712,37712,2003,37742,2003,0,CUB,NA_CUB,1,1,1,CUB,NA_CUB,MORTALITY,1,1,1,Shangwa,2,53,ADULT_48_60,0,0
337,MALE,37956,37956,2003,38018,2004,0,CUB,MALE_CUB,2,2,2,CUB,MALE_CUB,MORTALITY,1,1,1,Shangwa,3,61,ADULT_60_72,0,0
338,FEMALE,37956,37956,2003,40360,2010,0,CUB,FEMALE_CUB,79,12,24,ADULT_72_84,FEMALE_ADULT_72_84,MORTALITY,1,0,0,Shangwa,3,61,ADULT_60_72,1,1
339,MALE,37956,37956,2003,40513,2010,0,CUB,MALE_CUB,84,12,24,ADULT_72_84,MALE_ADULT_72_84,MORTALITY,1,0,0,Shangwa,3,61,ADULT_60_72,1,1
340,NA,38596,38596,2005,38687,2005,0,CUB,NA_CUB,3,3,3,CUB,NA_CUB,MORTALITY,1,1,1,Shangwa,4,82,ADULT_72_84,0,0
341,FEMALE,38596,38596,2005,39387,2007,0,CUB,FEMALE_CUB,26,12,24,SUBADULT,FEMALE_SUBADULT,CENSORED,0,0,0,Shangwa,4,82,ADULT_72_84,1,1
342,FEMALE,38596,38596,2005,42005,2015,0,CUB,FEMALE_CUB,112,12,24,ADULT_84,FEMALE_ADULT_84,CENSORED,0,0,0,Shangwa,4,82,ADULT_72_84,1,1
343,FEMALE,39479,39479,2008,39508,2008,0,CUB,FEMALE_CUB,1,1,1,CUB,FEMALE_CUB,MORTALITY,1,1,1,Shangwa,5,111,ADULT_84,0,0
344,FEMALE,39479,39479,2008,39508,2008,0,CUB,FEMALE_CUB,1,1,1,CUB,FEMALE_CUB,MORTALITY,1,1,1,Shangwa,5,111,ADULT_84,0,0
345,MALE,39479,39479,2008,39630,2008,0,CUB,MALE_CUB,5,5,5,CUB,MALE_CUB,MORTALITY,1,1,1,Shangwa,5,111,ADULT_84,0,0
346,FEMALE,39783,39783,2008,40756,2011,0,CUB,FEMALE_CUB,32,12,24,SUBADULT,FEMALE_SUBADULT,CENSORED,0,0,0,Shangwa,6,121,ADULT_84,1,1
347,MALE,40544,40544,2011,41640,2014,0,CUB,MALE_CUB,36,12,24,SUBADULT,MALE_SUBADULT,MORTALITY,1,0,0,Shangwa,7,146,ADULT_84,1,1
348,MALE,41334,41334,2013,41487,2013,0,CUB,MALE_CUB,5,5,5,CUB,MALE_CUB,MORTALITY,1,1,1,Tamboti,1,65,ADULT_60_72,0,0
349,FEMALE,41334,41334,2013,42005,2015,0,CUB,FEMALE_CUB,22,12,22,JUVENILE,FEMALE_JUVENILE,CENSORED,0,0,1,Tamboti,1,65,ADULT_60_72,1,0
350,NA,41671,41671,2014,41791,2014,0,CUB,NA_CUB,4,4,4,CUB,NA_CUB,MORTALITY,1,1,1,Tasselberry,NA,NA,NA,0,0
351,NA,41944,41944,2014,42005,2015,0,CUB,NA_CUB,2,2,2,CUB,NA_CUB,CENSORED,0,1,1,Tasselberry,NA,NA,NA,0,0
352,NA,36100,36100,1998,36161,1999,0,CUB,NA_CUB,2,2,2,CUB,NA_CUB,MORTALITY,1,1,1,Tavangumi,1,46,ADULT_36_48,0,0
353,FEMALE,36100,36100,1998,41183,2012,0,CUB,FEMALE_CUB,167,12,24,ADULT_84,FEMALE_ADULT_84,MORTALITY,1,0,0,Tavangumi,1,46,ADULT_36_48,1,1
354,MALE,36861,36861,2000,42005,2015,0,CUB,MALE_CUB,169,12,24,ADULT_84,MALE_ADULT_84,CENSORED,0,0,0,Tavangumi,2,71,ADULT_60_72,1,1
355,NA,37622,37622,2003,37681,2003,0,CUB,NA_CUB,2,2,2,CUB,NA_CUB,MORTALITY,1,1,1,Tavangumi,3,96,ADULT_84,0,0
356,FEMALE,37622,37622,2003,38169,2004,0,CUB,FEMALE_CUB,18,12,18,JUVENILE,FEMALE_JUVENILE,CENSORED,0,0,1,Tavangumi,3,96,ADULT_84,1,0
357,NA,38384,38384,2005,38443,2005,0,CUB,NA_CUB,2,2,2,CUB,NA_CUB,MORTALITY,1,1,1,Tavangumi,4,121,ADULT_84,0,0
358,MALE,38384,38384,2005,38930,2006,0,CUB,MALE_CUB,18,12,18,JUVENILE,MALE_JUVENILE,CENSORED,0,0,1,Tavangumi,4,121,ADULT_84,1,0
359,NA,39142,39142,2007,39203,2007,0,CUB,NA_CUB,2,2,2,CUB,NA_CUB,MORTALITY,1,1,1,Tavangumi,5,146,ADULT_84,0,0
360,NA,39142,39142,2007,39203,2007,0,CUB,NA_CUB,2,2,2,CUB,NA_CUB,MORTALITY,1,1,1,Tavangumi,5,146,ADULT_84,0,0
361,NA,39448,39448,2008,39508,2008,0,CUB,NA_CUB,2,2,2,CUB,NA_CUB,MORTALITY,1,1,1,Tavangumi,6,156,ADULT_84,0,0
362,NA,39448,39448,2008,39508,2008,0,CUB,NA_CUB,2,2,2,CUB,NA_CUB,MORTALITY,1,1,1,Tavangumi,6,156,ADULT_84,0,0
363,MALE,39722,39722,2008,40483,2010,0,CUB,MALE_CUB,25,12,24,SUBADULT,MALE_SUBADULT,CENSORED,0,0,0,Tavangumi,7,165,ADULT_84,1,1
364,NA,40513,40513,2010,40544,2011,0,CUB,NA_CUB,1,1,1,CUB,NA_CUB,MORTALITY,1,1,1,Thandi,1,46,ADULT_36_48,0,0
365,MALE,40513,40513,2010,41730,2014,0,CUB,MALE_CUB,40,12,24,ADULT_36_48,MALE_ADULT_36_48,MORTALITY,1,0,0,Thandi,1,46,ADULT_36_48,1,1
366,FEMALE,41153,41153,2012,41456,2013,0,CUB,FEMALE_CUB,10,10,10,CUB,FEMALE_CUB,MORTALITY,1,1,1,Thandi,2,67,ADULT_60_72,0,0
367,MALE,41153,41153,2012,42005,2015,0,CUB,MALE_CUB,28,12,24,SUBADULT,MALE_SUBADULT,CENSORED,0,0,0,Thandi,2,67,ADULT_60_72,1,1
368,NA,41852,41852,2014,42005,2015,0,CUB,NA_CUB,5,5,5,CUB,NA_CUB,CENSORED,0,1,1,Thandi,3,90,ADULT_84,0,0
369,NA,41852,41852,2014,42005,2015,0,CUB,NA_CUB,5,5,5,CUB,NA_CUB,CENSORED,0,1,1,Thandi,3,90,ADULT_84,0,0
370,NA,41518,41518,2013,41548,2013,0,CUB,NA_CUB,1,1,1,CUB,NA_CUB,MORTALITY,1,1,1,Thlangisa,1,53,ADULT_48_60,0,0
371,NA,41518,41518,2013,41548,2013,0,CUB,NA_CUB,1,1,1,CUB,NA_CUB,MORTALITY,1,1,1,Thlangisa,1,53,ADULT_48_60,0,0
372,FEMALE,41730,41730,2014,42005,2015,0,CUB,FEMALE_CUB,9,9,9,CUB,FEMALE_CUB,CENSORED,0,1,1,Thlangisa,2,60,ADULT_48_60,0,0
373,FEMALE,41730,41730,2014,42005,2015,0,CUB,FEMALE_CUB,9,9,9,CUB,FEMALE_CUB,CENSORED,0,1,1,Thlangisa,2,60,ADULT_48_60,0,0
374,NA,34973,34973,1995,35034,1995,0,CUB,NA_CUB,2,2,2,CUB,NA_CUB,MORTALITY,1,1,1,Toulon,1,55,ADULT_48_60,0,0
375,NA,34973,34973,1995,35034,1995,0,CUB,NA_CUB,2,2,2,CUB,NA_CUB,MORTALITY,1,1,1,Toulon,1,55,ADULT_48_60,0,0
376,MALE,35309,35309,1996,35551,1997,0,CUB,MALE_CUB,8,8,8,CUB,MALE_CUB,MORTALITY,1,1,1,Toulon,2,66,ADULT_60_72,0,0
377,NA,35765,35765,1997,35827,1998,0,CUB,NA_CUB,2,2,2,CUB,NA_CUB,MORTALITY,1,1,1,Toulon,3,81,ADULT_72_84,0,0
378,NA,35765,35765,1997,35827,1998,0,CUB,NA_CUB,2,2,2,CUB,NA_CUB,MORTALITY,1,1,1,Toulon,3,81,ADULT_72_84,0,0
379,MALE,36161,36161,1999,36647,2000,0,CUB,MALE_CUB,16,12,16,JUVENILE,MALE_JUVENILE,CENSORED,0,0,1,Toulon,4,94,ADULT_84,1,0
380,NA,36892,36892,2001,36951,2001,0,CUB,NA_CUB,2,2,2,CUB,NA_CUB,MORTALITY,1,1,1,Toulon,5,118,ADULT_84,0,0
381,NA,36892,36892,2001,36951,2001,0,CUB,NA_CUB,2,2,2,CUB,NA_CUB,MORTALITY,1,1,1,Toulon,5,118,ADULT_84,0,0
382,NA,37043,37043,2001,37135,2001,0,CUB,NA_CUB,3,3,3,CUB,NA_CUB,MORTALITY,1,1,1,Toulon,6,123,ADULT_84,0,0
383,NA,37043,37043,2001,37135,2001,0,CUB,NA_CUB,3,3,3,CUB,NA_CUB,MORTALITY,1,1,1,Toulon,6,123,ADULT_84,0,0
384,NA,37288,37288,2002,37347,2002,0,CUB,NA_CUB,2,2,2,CUB,NA_CUB,MORTALITY,1,1,1,Toulon,7,131,ADULT_84,0,0
385,NA,37288,37288,2002,37347,2002,0,CUB,NA_CUB,2,2,2,CUB,NA_CUB,MORTALITY,1,1,1,Toulon,7,131,ADULT_84,0,0
386,NA,37561,37561,2002,37712,2003,0,CUB,NA_CUB,5,5,5,CUB,NA_CUB,MORTALITY,1,1,1,Toulon,8,140,ADULT_84,0,0
387,MALE,37561,37561,2002,38384,2005,0,CUB,MALE_CUB,27,12,24,SUBADULT,MALE_SUBADULT,CENSORED,0,0,0,Toulon,8,140,ADULT_84,1,1
388,NA,38384,38384,2005,38412,2005,0,CUB,NA_CUB,1,1,1,CUB,NA_CUB,MORTALITY,1,1,1,Toulon,9,167,ADULT_84,0,0
389,NA,38384,38384,2005,38412,2005,0,CUB,NA_CUB,1,1,1,CUB,NA_CUB,MORTALITY,1,1,1,Toulon,9,167,ADULT_84,0,0
390,NA,38504,38504,2005,38687,2005,0,CUB,NA_CUB,6,6,6,CUB,NA_CUB,MORTALITY,1,1,1,Toulon,10,171,ADULT_84,0,0
391,MALE,38504,38504,2005,38961,2006,0,CUB,MALE_CUB,15,12,15,JUVENILE,MALE_JUVENILE,CENSORED,0,0,1,Toulon,10,171,ADULT_84,1,0
392,NA,36923,36923,2001,37073,2001,0,CUB,NA_CUB,5,5,5,CUB,NA_CUB,MORTALITY,1,1,1,Tugwaan_Y._Female,1,59,ADULT_48_60,0,0
393,NA,36923,36923,2001,37073,2001,0,CUB,NA_CUB,5,5,5,CUB,NA_CUB,MORTALITY,1,1,1,Tugwaan_Y._Female,1,59,ADULT_48_60,0,0
394,NA,40391,40391,2010,40513,2010,0,CUB,NA_CUB,4,4,4,CUB,NA_CUB,MORTALITY,1,1,1,Tutlwa,1,53,ADULT_48_60,0,0
395,FEMALE,40695,40695,2011,42005,2015,0,CUB,FEMALE_CUB,43,12,24,ADULT_36_48,FEMALE_ADULT_36_48,CENSORED,0,0,0,Tutlwa,2,63,ADULT_60_72,1,1
396,MALE,40695,40695,2011,42005,2015,0,CUB,MALE_CUB,43,12,24,ADULT_36_48,MALE_ADULT_36_48,CENSORED,0,0,0,Tutlwa,2,63,ADULT_60_72,1,1
397,NA,41275,41275,2013,41306,2013,0,CUB,NA_CUB,1,1,1,CUB,NA_CUB,MORTALITY,1,1,1,Tutlwa,3,82,ADULT_72_84,0,0
398,NA,41275,41275,2013,41306,2013,0,CUB,NA_CUB,1,1,1,CUB,NA_CUB,MORTALITY,1,1,1,Tutlwa,3,82,ADULT_72_84,0,0
399,NA,41275,41275,2013,41306,2013,0,CUB,NA_CUB,1,1,1,CUB,NA_CUB,MORTALITY,1,1,1,Tutlwa,3,82,ADULT_72_84,0,0
400,FEMALE,41456,41456,2013,41821,2014,0,CUB,FEMALE_CUB,12,12,12,CUB,FEMALE_CUB,MORTALITY,1,1,1,Tutlwa,4,88,ADULT_84,1,0
401,MALE,41456,41456,2013,42005,2015,0,CUB,MALE_CUB,18,12,18,JUVENILE,MALE_JUVENILE,CENSORED,0,0,1,Tutlwa,4,88,ADULT_84,1,0
402,NA,37135,37135,2001,37165,2001,0,CUB,NA_CUB,1,1,1,CUB,NA_CUB,MORTALITY,1,1,1,Vomba,1,45,ADULT_36_48,0,0
403,NA,37135,37135,2001,37165,2001,0,CUB,NA_CUB,1,1,1,CUB,NA_CUB,MORTALITY,1,1,1,Vomba,1,45,ADULT_36_48,0,0
404,NA,37530,37530,2002,37561,2002,0,CUB,NA_CUB,1,1,1,CUB,NA_CUB,MORTALITY,1,1,1,Vomba,2,58,ADULT_48_60,0,0
405,NA,37530,37530,2002,37561,2002,0,CUB,NA_CUB,1,1,1,CUB,NA_CUB,MORTALITY,1,1,1,Vomba,2,58,ADULT_48_60,0,0
406,NA,37773,37773,2003,37865,2003,0,CUB,NA_CUB,3,3,3,CUB,NA_CUB,MORTALITY,1,1,1,Vomba,3,66,ADULT_60_72,0,0
407,FEMALE,37773,37773,2003,39234,2007,0,CUB,FEMALE_CUB,48,12,24,ADULT_36_48,FEMALE_ADULT_36_48,MORTALITY,1,0,0,Vomba,3,66,ADULT_60_72,1,1
408,NA,38292,38292,2004,38384,2005,0,CUB,NA_CUB,3,3,3,CUB,NA_CUB,MORTALITY,1,1,1,Vomba,4,83,ADULT_72_84,0,0
409,NA,38292,38292,2004,38384,2005,0,CUB,NA_CUB,3,3,3,CUB,NA_CUB,MORTALITY,1,1,1,Vomba,4,83,ADULT_72_84,0,0
410,NA,38657,38657,2005,38687,2005,0,CUB,NA_CUB,1,1,1,CUB,NA_CUB,MORTALITY,1,1,1,Vomba,5,95,ADULT_84,0,0
411,NA,38657,38657,2005,38687,2005,0,CUB,NA_CUB,1,1,1,CUB,NA_CUB,MORTALITY,1,1,1,Vomba,5,95,ADULT_84,0,0
412,MALE,38777,38777,2006,39995,2009,0,CUB,MALE_CUB,40,12,24,ADULT_36_48,MALE_ADULT_36_48,CENSORED,0,0,0,Vomba,6,99,ADULT_84,1,1
413,FEMALE,38777,38777,2006,42005,2015,0,CUB,FEMALE_CUB,106,12,24,ADULT_84,FEMALE_ADULT_84,CENSORED,0,0,0,Vomba,6,99,ADULT_84,1,1
414,FEMALE,39692,39692,2008,42005,2015,0,CUB,FEMALE_CUB,76,12,24,ADULT_72_84,FEMALE_ADULT_72_84,CENSORED,0,0,0,Vomba,7,129,ADULT_84,1,1
415,NA,40148,40148,2009,40179,2010,0,CUB,NA_CUB,1,1,1,CUB,NA_CUB,MORTALITY,1,1,1,Vomba,8,144,ADULT_84,0,0
416,NA,40148,40148,2009,40179,2010,0,CUB,NA_CUB,1,1,1,CUB,NA_CUB,MORTALITY,1,1,1,Vomba,8,144,ADULT_84,0,0
417,NA,40544,40544,2011,40603,2011,0,CUB,NA_CUB,2,2,2,CUB,NA_CUB,MORTALITY,1,1,1,Vomba,9,157,ADULT_84,0,0
418,NA,40544,40544,2011,40603,2011,0,CUB,NA_CUB,2,2,2,CUB,NA_CUB,MORTALITY,1,1,1,Vomba,9,157,ADULT_84,0,0
419,MALE,41061,41061,2012,41883,2014,0,CUB,MALE_CUB,27,12,24,SUBADULT,MALE_SUBADULT,CENSORED,0,0,0,Vomba,10,174,ADULT_84,1,1
420,MALE,35612,35612,1997,36526,2000,0,CUB,MALE_CUB,30,12,24,SUBADULT,MALE_SUBADULT,CENSORED,0,0,0,White_Cloth,1,46,ADULT_36_48,1,1
421,MALE,36800,36800,2000,37591,2002,0,CUB,MALE_CUB,26,12,24,SUBADULT,MALE_SUBADULT,CENSORED,0,0,0,White_Cloth,2,85,ADULT_84,1,1
422,FEMALE,36800,36800,2000,42005,2015,0,CUB,FEMALE_CUB,171,12,24,ADULT_84,FEMALE_ADULT_84,CENSORED,0,0,0,White_Cloth,2,85,ADULT_84,1,1
423,FEMALE,37712,37712,2003,37895,2003,0,CUB,FEMALE_CUB,6,6,6,CUB,FEMALE_CUB,MORTALITY,1,1,1,White_Cloth,3,115,ADULT_84,0,0
424,MALE,37712,37712,2003,40878,2011,0,CUB,MALE_CUB,104,12,24,ADULT_84,MALE_ADULT_84,CENSORED,0,0,0,White_Cloth,3,115,ADULT_84,1,1
425,FEMALE,38687,38687,2005,38838,2006,0,CUB,FEMALE_CUB,5,5,5,CUB,FEMALE_CUB,MORTALITY,1,1,1,White_Cloth,4,147,ADULT_84,0,0
426,MALE,38687,38687,2005,39234,2007,0,CUB,MALE_CUB,18,12,18,JUVENILE,MALE_JUVENILE,MORTALITY,1,0,1,White_Cloth,4,147,ADULT_84,1,0
427,MALE,39783,39783,2008,40664,2011,0,CUB,MALE_CUB,29,12,24,SUBADULT,MALE_SUBADULT,CENSORED,0,0,0,White_Cloth,5,183,ADULT_84,1,1
428,NA,41030,41030,2012,41122,2012,0,CUB,NA_CUB,3,3,3,CUB,NA_CUB,MORTALITY,1,1,1,White_Dam,1,71,ADULT_60_72,0,0
429,NA,41030,41030,2012,41183,2012,0,CUB,NA_CUB,5,5,5,CUB,NA_CUB,MORTALITY,1,1,1,White_Dam,1,71,ADULT_60_72,0,0
430,NA,41306,41306,2013,41365,2013,0,CUB,NA_CUB,2,2,2,CUB,NA_CUB,MORTALITY,1,1,1,White_Dam,2,80,ADULT_72_84,0,0
431,NA,41640,41640,2014,41730,2014,0,CUB,NA_CUB,3,3,3,CUB,NA_CUB,MORTALITY,1,1,1,White_Dam,3,91,ADULT_84,0,0
432,NA,41640,41640,2014,41730,2014,0,CUB,NA_CUB,3,3,3,CUB,NA_CUB,MORTALITY,1,1,1,White_Dam,3,91,ADULT_84,0,0
433,NA,41974,41974,2014,42005,2015,0,CUB,NA_CUB,1,1,1,CUB,NA_CUB,CENSORED,0,1,1,White_Dam,4,102,ADULT_84,0,0
434,NA,41974,41974,2014,42005,2015,0,CUB,NA_CUB,1,1,1,CUB,NA_CUB,CENSORED,0,1,1,White_Dam,4,102,ADULT_84,0,0
435,FEMALE,38869,38869,2006,39234,2007,0,CUB,FEMALE_CUB,12,12,12,CUB,FEMALE_CUB,CENSORED,0,1,1,Wilson's_Pan,1,48,ADULT_36_48,1,0
436,NA,39600,39600,2008,39662,2008,0,CUB,NA_CUB,2,2,2,CUB,NA_CUB,MORTALITY,1,1,1,Wilson's_Pan,2,72,ADULT_60_72,0,0
437,NA,39600,39600,2008,39662,2008,0,CUB,NA_CUB,2,2,2,CUB,NA_CUB,MORTALITY,1,1,1,Wilson's_Pan,2,72,ADULT_60_72,0,0
438,FEMALE,39814,39814,2009,41609,2013,0,CUB,FEMALE_CUB,59,12,24,ADULT_48_60,FEMALE_ADULT_48_60,CENSORED,0,0,0,Wilson's_Pan,3,79,ADULT_72_84,1,1
439,FEMALE,39814,39814,2009,42005,2015,0,CUB,FEMALE_CUB,72,12,24,ADULT_60_72,FEMALE_ADULT_60_72,CENSORED,0,0,0,Wilson's_Pan,3,79,ADULT_72_84,1,1
440,MALE,40330,40330,2010,42005,2015,0,CUB,MALE_CUB,55,12,24,ADULT_48_60,MALE_ADULT_48_60,CENSORED,0,0,0,Wilson's_Pan,4,96,ADULT_84,1,1
441,FEMALE,40940,40940,2012,41730,2014,0,CUB,FEMALE_CUB,26,12,24,SUBADULT,FEMALE_SUBADULT,CENSORED,0,0,0,Wilson's_Pan,5,116,ADULT_84,1,1
442,MALE,40940,40940,2012,41821,2014,0,CUB,MALE_CUB,29,12,24,SUBADULT,MALE_SUBADULT,CENSORED,0,0,0,Wilson's_Pan,5,116,ADULT_84,1,1
443,NA,41609,41609,2013,41671,2014,0,CUB,NA_CUB,2,2,2,CUB,NA_CUB,MORTALITY,1,1,1,Wilson's_Pan,6,138,ADULT_84,0,0
444,NA,41609,41609,2013,41671,2014,0,CUB,NA_CUB,2,2,2,CUB,NA_CUB,MORTALITY,1,1,1,Wilson's_Pan,6,138,ADULT_84,0,0
445,NA,40238,40238,2010,40299,2010,0,CUB,NA_CUB,2,2,2,CUB,NA_CUB,MORTALITY,1,1,1,Xikavi,1,54,ADULT_48_60,0,0
446,NA,40238,40238,2010,40299,2010,0,CUB,NA_CUB,2,2,2,CUB,NA_CUB,MORTALITY,1,1,1,Xikavi,1,54,ADULT_48_60,0,0
447,NA,40664,40664,2011,40695,2011,0,CUB,NA_CUB,1,1,1,CUB,NA_CUB,MORTALITY,1,1,1,Xikavi,2,68,ADULT_60_72,0,0
448,NA,40909,40909,2012,40940,2012,0,CUB,NA_CUB,1,1,1,CUB,NA_CUB,MORTALITY,1,1,1,Xikavi,3,76,ADULT_72_84,0,0
449,NA,40909,40909,2012,40940,2012,0,CUB,NA_CUB,1,1,1,CUB,NA_CUB,MORTALITY,1,1,1,Xikavi,3,76,ADULT_72_84,0,0
450,NA,41518,41518,2013,41579,2013,0,CUB,NA_CUB,2,2,2,CUB,NA_CUB,MORTALITY,1,1,1,Xikavi,4,96,ADULT_84,0,0
451,NA,41518,41518,2013,41609,2013,0,CUB,NA_CUB,3,3,3,CUB,NA_CUB,MORTALITY,1,1,1,Xikavi,4,96,ADULT_84,0,0
452,NA,41760,41760,2014,41791,2014,0,CUB,NA_CUB,1,1,1,CUB,NA_CUB,MORTALITY,1,1,1,Xikavi,5,104,ADULT_84,0,0
453,NA,41760,41760,2014,41791,2014,0,CUB,NA_CUB,1,1,1,CUB,NA_CUB,MORTALITY,1,1,1,Xikavi,5,104,ADULT_84,0,0
454,NA,41913,41913,2014,41974,2014,0,CUB,NA_CUB,2,2,2,CUB,NA_CUB,MORTALITY,1,1,1,Xikavi,6,109,ADULT_84,0,0
455,NA,41913,41913,2014,41974,2014,0,CUB,NA_CUB,2,2,2,CUB,NA_CUB,MORTALITY,1,1,1,Xikavi,6,109,ADULT_84,0,0
456,NA,41913,41913,2014,41974,2014,0,CUB,NA_CUB,2,2,2,CUB,NA_CUB,MORTALITY,1,1,1,Xikavi,6,109,ADULT_84,0,0
457,NA,30864,30864,1984,30896,1984,0,CUB,NA_CUB,1,1,1,CUB,NA_CUB,MORTALITY,1,1,1,Y._Female,1,35,SUBADULT,0,0
458,NA,30864,30864,1984,30896,1984,0,CUB,NA_CUB,1,1,1,CUB,NA_CUB,MORTALITY,1,1,1,Y._Female,1,35,SUBADULT,0,0
459,NA,31291,31291,1985,31444,1986,0,CUB,NA_CUB,5,5,5,CUB,NA_CUB,MORTALITY,1,1,1,Y._Female,2,49,ADULT_48_60,0,0
460,MALE,31594,31594,1986,35947,1998,0,CUB,MALE_CUB,143,12,24,ADULT_84,MALE_ADULT_84,MORTALITY,1,0,0,Y._Female,3,59,ADULT_48_60,1,1
461,FEMALE,32112,32112,1987,32295,1988,0,CUB,FEMALE_CUB,6,6,6,CUB,FEMALE_CUB,MORTALITY,1,1,1,Y._Female,4,76,ADULT_72_84,0,0
462,MALE,37196,37196,2001,37956,2003,0,CUB,MALE_CUB,25,12,24,SUBADULT,MALE_SUBADULT,CENSORED,0,0,0,Young_Nottens,1,36,SUBADULT,1,1
463,MALE,37196,37196,2001,37956,2003,0,CUB,MALE_CUB,25,12,24,SUBADULT,MALE_SUBADULT,CENSORED,0,0,0,Young_Nottens,1,36,SUBADULT,1,1
464,NA,38200,38200,2004,38261,2004,0,CUB,NA_CUB,2,2,2,CUB,NA_CUB,MORTALITY,1,1,1,Young_Nottens,2,69,ADULT_60_72,0,0
465,NA,38200,38200,2004,38261,2004,0,CUB,NA_CUB,2,2,2,CUB,NA_CUB,MORTALITY,1,1,1,Young_Nottens,2,69,ADULT_60_72,0,0
466,NA,38626,38626,2005,38687,2005,0,CUB,NA_CUB,2,2,2,CUB,NA_CUB,MORTALITY,1,1,1,Young_Nottens,3,83,ADULT_72_84,0,0
467,NA,38626,38626,2005,38687,2005,0,CUB,NA_CUB,2,2,2,CUB,NA_CUB,MORTALITY,1,1,1,Young_Nottens,3,83,ADULT_72_84,0,0
468,NA,39022,39022,2006,39114,2007,0,CUB,NA_CUB,3,3,3,CUB,NA_CUB,MORTALITY,1,1,1,Young_Nottens,4,96,ADULT_84,0,0
469,FEMALE,39022,39022,2006,40725,2011,0,CUB,FEMALE_CUB,56,12,24,ADULT_48_60,FEMALE_ADULT_48_60,CENSORED,0,0,0,Young_Nottens,4,96,ADULT_84,1,1
470,NA,39600,39600,2008,39630,2008,0,CUB,NA_CUB,1,1,1,CUB,NA_CUB,MORTALITY,1,1,1,Young_Nottens,5,115,ADULT_84,0,0
471,NA,39600,39600,2008,39630,2008,0,CUB,NA_CUB,1,1,1,CUB,NA_CUB,MORTALITY,1,1,1,Young_Nottens,5,115,ADULT_84,0,0
472,NA,39600,39600,2008,39753,2008,0,CUB,NA_CUB,5,5,5,CUB,NA_CUB,MORTALITY,1,1,1,Young_Nottens,5,115,ADULT_84,0,0
473,NA,39873,39873,2009,39934,2009,0,CUB,NA_CUB,2,2,2,CUB,NA_CUB,MORTALITY,1,1,1,Young_Nottens,6,124,ADULT_84,0,0
474,NA,39873,39873,2009,39934,2009,0,CUB,NA_CUB,2,2,2,CUB,NA_CUB,MORTALITY,1,1,1,Young_Nottens,6,124,ADULT_84,0,0
475,MALE,40179,40179,2010,42005,2015,0,CUB,MALE_CUB,60,12,24,ADULT_48_60,MALE_ADULT_48_60,CENSORED,0,0,0,Young_Nottens,7,134,ADULT_84,1,1
476,MALE,40180,40180,2010,40483,2010,0,CUB,MALE_CUB,10,10,10,CUB,MALE_CUB,MORTALITY,1,1,1,Young_Nottens,7,134,ADULT_84,0,0
477,NA,40969,40969,2012,41091,2012,0,CUB,NA_CUB,4,4,4,CUB,NA_CUB,MORTALITY,1,1,1,Young_Nottens,8,160,ADULT_84,0,0
478,FEMALE,40969,40969,2012,41244,2012,0,CUB,FEMALE_CUB,9,9,9,CUB,FEMALE_CUB,MORTALITY,1,1,1,Young_Nottens,8,160,ADULT_84,0,0
479,NA,41730,41730,2014,41760,2014,0,CUB,NA_CUB,1,1,1,CUB,NA_CUB,MORTALITY,1,1,1,Young_Nottens,9,185,ADULT_84,0,0
480,MALE,41730,41730,2014,42005,2015,0,CUB,MALE_CUB,9,9,9,CUB,MALE_CUB,CENSORED,0,1,1,Young_Nottens,9,185,ADULT_84,0,0