"ID","SEX","D.O.B","MONITOR.START.YEAR","MONITOR.START.YR","MONITOR.END.YEAR","MONITOR.END.YR","AGE.START.MONTHS","AGE.CLASS.START","CATEGORY.START","AGE.DEATH.MONTHS","AGE.MONTHS","AGE.CLASS.DEATH","CATEGORY.DEATH","FATE","CENSUS.STATUS","AGE.MET","MOTHER","LITTER","MOTHER.AGE.LITTER","MOTHER.AGE.CLASS.LITTER","SURVIVED.12","SURVIVED.24"
1,"MALE","01/10/1995","01/10/1995",1995,"01/06/2004",2004,0,"CUB","MALE_CUB",104,12,"ADULT_84","MALE_ADULT_84","MORTALITY",1,0,"3_4",1,38,"ADULT_36_48",1,1
2,"FEMALE","01/10/1995","01/10/1995",1995,"01/12/2013",2013,0,"CUB","FEMALE_CUB",218,12,"ADULT_84","FEMALE_ADULT_84","MORTALITY",1,0,"3_4",1,38,"ADULT_36_48",1,1
3,NA,"01/10/1997","01/10/1997",1997,"01/11/1997",1997,0,"CUB","NA_CUB",1,1,"CUB","NA_CUB","MORTALITY",1,1,"3_4",2,62,"ADULT_60_72",0,0
4,NA,"01/10/1997","01/10/1997",1997,"01/11/1997",1997,0,"CUB","NA_CUB",1,1,"CUB","NA_CUB","MORTALITY",1,1,"3_4",2,62,"ADULT_60_72",0,0
5,"MALE","01/03/1998","01/03/1998",1998,"01/04/1998",1998,0,"CUB","MALE_CUB",1,1,"CUB","MALE_CUB","MORTALITY",1,1,"3_4",3,67,"ADULT_60_72",0,0
6,"MALE","01/09/1998","01/09/1998",1998,"01/01/2009",2009,0,"CUB","MALE_CUB",124,12,"ADULT_84","MALE_ADULT_84","MORTALITY",1,0,"3_4",4,73,"ADULT_72_84",1,1
7,"FEMALE","01/09/1998","01/09/1998",1998,"01/01/2015",2015,0,"CUB","FEMALE_CUB",196,12,"ADULT_84","FEMALE_ADULT_84","CENSORED",0,0,"3_4",4,73,"ADULT_72_84",1,1
8,"FEMALE","01/09/2001","01/09/2001",2001,"12/12/2001",2001,0,"CUB","FEMALE_CUB",3,3,"CUB","FEMALE_CUB","MORTALITY",1,1,"3_4",5,109,"ADULT_84",0,0
9,"MALE","01/09/2001","01/09/2001",2001,"01/06/2002",2002,0,"CUB","MALE_CUB",9,9,"CUB","MALE_CUB","MORTALITY",1,1,"3_4",5,109,"ADULT_84",0,0
10,NA,"01/12/2002","01/12/2002",2002,"01/03/2003",2003,0,"CUB","NA_CUB",3,3,"CUB","NA_CUB","MORTALITY",1,1,"3_4",6,124,"ADULT_84",0,0
11,NA,"01/12/2002","01/12/2002",2002,"01/03/2003",2003,0,"CUB","NA_CUB",3,3,"CUB","NA_CUB","MORTALITY",1,1,"3_4",6,124,"ADULT_84",0,0
12,NA,"01/09/2003","01/09/2003",2003,"01/10/2003",2003,0,"CUB","NA_CUB",1,1,"CUB","NA_CUB","MORTALITY",1,1,"3_4",7,133,"ADULT_84",0,0
13,NA,"01/09/2003","01/09/2003",2003,"01/10/2003",2003,0,"CUB","NA_CUB",1,1,"CUB","NA_CUB","MORTALITY",1,1,"3_4",7,133,"ADULT_84",0,0
14,NA,"01/02/2004","01/02/2004",2004,"01/04/2004",2004,0,"CUB","NA_CUB",2,2,"CUB","NA_CUB","MORTALITY",1,1,"3_4",8,138,"ADULT_84",0,0
15,"FEMALE","01/02/2004","01/02/2004",2004,"01/10/2004",2004,0,"CUB","FEMALE_CUB",8,8,"CUB","FEMALE_CUB","MORTALITY",1,1,"3_4",8,138,"ADULT_84",0,0
16,NA,"01/12/2004","01/12/2004",2004,"01/01/2005",2005,0,"CUB","NA_CUB",1,1,"CUB","NA_CUB","MORTALITY",1,1,"3_4",9,148,"ADULT_84",0,0
17,NA,"02/12/2004","02/12/2004",2004,"01/01/2005",2005,0,"CUB","NA_CUB",1,1,"CUB","NA_CUB","MORTALITY",1,1,"3_4",9,148,"ADULT_84",0,0
18,NA,"01/02/2006","01/02/2006",2006,"01/04/2006",2006,0,"CUB","NA_CUB",2,2,"CUB","NA_CUB","MORTALITY",1,1,"3_4",10,162,"ADULT_84",0,0
19,NA,"01/02/2006","01/02/2006",2006,"01/04/2006",2006,0,"CUB","NA_CUB",2,2,"CUB","NA_CUB","MORTALITY",1,1,"3_4",10,162,"ADULT_84",0,0
20,"MALE","01/02/2007","01/02/2007",2007,"01/02/2008",2008,0,"CUB","MALE_CUB",12,12,"CUB","MALE_CUB","MORTALITY",1,1,"3_4",11,174,"ADULT_84",1,0
21,NA,"01/02/2004","01/02/2004",2004,"01/04/2004",2004,0,"CUB","NA_CUB",2,2,"CUB","NA_CUB","MORTALITY",1,1,"Campbell_Koppies",1,52,"ADULT_48_60",0,0
22,NA,"01/02/2004","01/02/2004",2004,"01/04/2004",2004,0,"CUB","NA_CUB",2,2,"CUB","NA_CUB","MORTALITY",1,1,"Campbell_Koppies",1,52,"ADULT_48_60",0,0
23,"FEMALE","01/10/2004","01/10/2004",2004,"01/01/2008",2008,0,"CUB","FEMALE_CUB",39,12,"ADULT_36_48","FEMALE_ADULT_36_48","MORTALITY",1,0,"Campbell_Koppies",2,60,"ADULT_48_60",1,1
24,"FEMALE","01/10/2004","01/10/2004",2004,"01/01/2015",2015,0,"CUB","FEMALE_CUB",123,12,"ADULT_84","FEMALE_ADULT_84","CENSORED",0,0,"Campbell_Koppies",2,60,"ADULT_48_60",1,1
25,"FEMALE","01/07/2007","01/07/2007",2007,"01/01/2015",2015,0,"CUB","FEMALE_CUB",90,12,"ADULT_84","FEMALE_ADULT_84","CENSORED",0,0,"Campbell_Koppies",3,93,"ADULT_84",1,1
26,NA,"01/02/2009","01/02/2009",2009,"01/04/2009",2009,0,"CUB","NA_CUB",2,2,"CUB","NA_CUB","MORTALITY",1,1,"Campbell_Koppies",4,112,"ADULT_84",0,0
27,NA,"01/02/2009","01/02/2009",2009,"01/08/2009",2009,0,"CUB","NA_CUB",6,6,"CUB","NA_CUB","MORTALITY",1,1,"Campbell_Koppies",4,112,"ADULT_84",0,0
28,NA,"01/02/2009","01/02/2009",2009,"01/08/2009",2009,0,"CUB","NA_CUB",6,6,"CUB","NA_CUB","MORTALITY",1,1,"Campbell_Koppies",4,112,"ADULT_84",0,0
29,NA,"01/11/2009","01/11/2009",2009,"01/06/2010",2010,0,"CUB","NA_CUB",7,7,"CUB","NA_CUB","MORTALITY",1,1,"Campbell_Koppies",5,121,"ADULT_84",0,0
30,NA,"01/11/2009","01/11/2009",2009,"01/07/2010",2010,0,"CUB","NA_CUB",8,8,"CUB","NA_CUB","MORTALITY",1,1,"Campbell_Koppies",5,121,"ADULT_84",0,0
31,NA,"01/12/2010","01/12/2010",2010,"01/02/2011",2011,0,"CUB","NA_CUB",2,2,"CUB","NA_CUB","MORTALITY",1,1,"Campbell_Koppies",6,134,"ADULT_84",0,0
32,NA,"01/12/2010","01/12/2010",2010,"01/02/2011",2011,0,"CUB","NA_CUB",2,2,"CUB","NA_CUB","MORTALITY",1,1,"Campbell_Koppies",6,134,"ADULT_84",0,0
33,NA,"01/05/2011","01/05/2011",2011,"01/09/2011",2011,0,"CUB","NA_CUB",4,4,"CUB","NA_CUB","MORTALITY",1,1,"Campbell_Koppies",7,139,"ADULT_84",0,0
34,NA,"01/05/2011","01/05/2011",2011,"01/09/2011",2011,0,"CUB","NA_CUB",4,4,"CUB","NA_CUB","MORTALITY",1,1,"Campbell_Koppies",7,139,"ADULT_84",0,0
35,NA,"01/03/2013","01/03/2013",2013,"01/04/2013",2013,0,"CUB","NA_CUB",1,1,"CUB","NA_CUB","MORTALITY",1,1,"Campbell_Koppies",8,161,"ADULT_84",0,0
36,"FEMALE","01/12/2002","01/12/2002",2002,"01/04/2003",2003,0,"CUB","FEMALE_CUB",4,4,"CUB","FEMALE_CUB","MORTALITY",1,1,"Dudley_Riverbank",1,51,"ADULT_48_60",0,0
37,"MALE","01/12/2002","01/12/2002",2002,"01/09/2003",2003,0,"CUB","MALE_CUB",9,9,"CUB","MALE_CUB","MORTALITY",1,1,"Dudley_Riverbank",1,51,"ADULT_48_60",0,0
38,NA,"01/12/2004","01/12/2004",2004,"01/03/2005",2005,0,"CUB","NA_CUB",3,3,"CUB","NA_CUB","MORTALITY",1,1,"Dudley_Riverbank",2,75,"ADULT_72_84",0,0
39,NA,"01/12/2004","01/12/2004",2004,"01/03/2005",2005,0,"CUB","NA_CUB",3,3,"CUB","NA_CUB","MORTALITY",1,1,"Dudley_Riverbank",2,75,"ADULT_72_84",0,0
40,NA,"01/11/2005","01/11/2005",2005,"01/01/2006",2006,0,"CUB","NA_CUB",2,2,"CUB","NA_CUB","MORTALITY",1,1,"Dudley_Riverbank",3,86,"ADULT_84",0,0
41,NA,"01/11/2005","01/11/2005",2005,"01/01/2006",2006,0,"CUB","NA_CUB",2,2,"CUB","NA_CUB","MORTALITY",1,1,"Dudley_Riverbank",3,86,"ADULT_84",0,0
42,"MALE","01/10/2006","01/10/2006",2006,"01/01/2015",2015,0,"CUB","MALE_CUB",99,12,"ADULT_84","MALE_ADULT_84","CENSORED",0,0,"Dudley_Riverbank",4,97,"ADULT_84",1,1
43,"MALE","01/10/2006","01/10/2006",2006,"01/01/2015",2015,0,"CUB","MALE_CUB",99,12,"ADULT_84","MALE_ADULT_84","CENSORED",0,0,"Dudley_Riverbank",4,97,"ADULT_84",1,1
44,"FEMALE","01/07/2009","01/07/2009",2009,"01/10/2009",2009,0,"CUB","FEMALE_CUB",3,3,"CUB","FEMALE_CUB","MORTALITY",1,1,"Dudley_Riverbank",5,130,"ADULT_84",0,0
45,"MALE","01/07/2009","01/07/2009",2009,"01/01/2015",2015,0,"CUB","MALE_CUB",66,12,"ADULT_60_72","MALE_ADULT_60_72","CENSORED",0,0,"Dudley_Riverbank",5,130,"ADULT_84",1,1
46,"FEMALE","01/03/2012","01/03/2012",2012,"01/01/2015",2015,0,"CUB","FEMALE_CUB",34,12,"SUBADULT","FEMALE_SUBADULT","CENSORED",0,0,"Dudley_Riverbank",6,163,"ADULT_84",1,1
47,NA,"01/06/2011","01/06/2011",2011,"01/10/2011",2011,0,"CUB","NA_CUB",4,4,"CUB","NA_CUB","MORTALITY",1,1,"Flockfield",1,86,"ADULT_84",0,0
48,"MALE","01/06/2011","01/06/2011",2011,"01/02/2012",2012,0,"CUB","MALE_CUB",8,8,"CUB","MALE_CUB","CENSORED",0,1,"Flockfield",1,86,"ADULT_84",0,0
49,"FEMALE","01/01/2010","01/01/2010",2010,"01/02/2011",2011,0,"CUB","FEMALE_CUB",13,12,"JUVENILE","FEMALE_JUVENILE","MORTALITY",1,0,"Hlabankunzi",1,44,"ADULT_36_48",1,0
50,"FEMALE","01/01/2010","01/01/2010",2010,"01/04/2011",2011,0,"CUB","FEMALE_CUB",15,12,"JUVENILE","FEMALE_JUVENILE","MORTALITY",1,0,"Hlabankunzi",1,44,"ADULT_36_48",1,0
51,NA,"01/12/2011","01/12/2011",2011,"01/02/2012",2012,0,"CUB","NA_CUB",2,2,"CUB","NA_CUB","MORTALITY",1,1,"Hlabankunzi",2,67,"ADULT_60_72",0,0
52,"FEMALE","01/09/2012","01/09/2012",2012,"01/01/2015",2015,0,"CUB","FEMALE_CUB",28,12,"SUBADULT","FEMALE_SUBADULT","CENSORED",0,0,"Hlabankunzi",3,76,"ADULT_72_84",1,1
53,NA,"01/02/2014","01/02/2014",2014,"01/06/2014",2014,0,"CUB","NA_CUB",4,4,"CUB","NA_CUB","MORTALITY",1,1,"Hlabankunzi",4,93,"ADULT_84",0,0
54,NA,"01/02/2014","01/02/2014",2014,"01/07/2014",2014,0,"CUB","NA_CUB",5,5,"CUB","NA_CUB","MORTALITY",1,1,"Hlabankunzi",4,93,"ADULT_84",0,0
55,NA,"01/12/2014","01/12/2014",2014,"01/01/2015",2015,0,"CUB","NA_CUB",1,1,"CUB","NA_CUB","CENSORED",0,1,"Hlabankunzi",5,103,"ADULT_84",0,0
56,NA,"01/12/2014","01/12/2014",2014,"01/01/2015",2015,0,"CUB","NA_CUB",1,1,"CUB","NA_CUB","CENSORED",0,1,"Hlabankunzi",5,103,"ADULT_84",0,0
57,"MALE","01/02/2010","01/02/2010",2010,"01/07/2010",2010,0,"CUB","MALE_CUB",5,5,"CUB","MALE_CUB","MORTALITY",1,1,"Inkanyeni",1,59,"ADULT_48_60",0,0
58,"MALE","01/03/2011","01/03/2011",2011,"01/01/2015",2015,0,"CUB","MALE_CUB",46,12,"ADULT_36_48","MALE_ADULT_36_48","CENSORED",0,0,"Inkanyeni",2,72,"ADULT_60_72",1,1
59,NA,"01/12/2012","01/12/2012",2012,"01/02/2013",2013,0,"CUB","NA_CUB",2,2,"CUB","NA_CUB","MORTALITY",1,1,"Inkanyeni",3,93,"ADULT_84",0,0
60,"FEMALE","01/10/2013","01/10/2013",2013,"01/01/2015",2015,0,"CUB","FEMALE_CUB",15,12,"JUVENILE","FEMALE_JUVENILE","CENSORED",0,0,"Inkanyeni",4,103,"ADULT_84",1,0
61,"MALE","01/10/2013","01/10/2013",2013,"01/01/2015",2015,0,"CUB","MALE_CUB",15,12,"JUVENILE","MALE_JUVENILE","CENSORED",0,0,"Inkanyeni",4,103,"ADULT_84",1,0
62,"FEMALE","01/04/2004","01/04/2004",2004,"01/05/2007",2007,0,"CUB","FEMALE_CUB",37,12,"ADULT_36_48","FEMALE_ADULT_36_48","CENSORED",0,0,"Jakkalsdraai",1,53,"ADULT_48_60",1,1
63,"FEMALE","01/04/2004","01/04/2004",2004,"01/03/2013",2013,0,"CUB","FEMALE_CUB",107,12,"ADULT_84","FEMALE_ADULT_84","MORTALITY",1,0,"Jakkalsdraai",1,53,"ADULT_48_60",1,1
64,NA,"01/06/2006","01/06/2006",2006,"01/07/2006",2006,0,"CUB","NA_CUB",1,1,"CUB","NA_CUB","MORTALITY",1,1,"Jakkalsdraai",2,79,"ADULT_72_84",0,0
65,NA,"01/06/2006","01/06/2006",2006,"01/07/2006",2006,0,"CUB","NA_CUB",1,1,"CUB","NA_CUB","MORTALITY",1,1,"Jakkalsdraai",2,79,"ADULT_72_84",0,0
66,NA,"01/01/2007","01/01/2007",2007,"01/02/2007",2007,0,"CUB","NA_CUB",1,1,"CUB","NA_CUB","MORTALITY",1,1,"Jakkalsdraai",3,86,"ADULT_84",0,0
67,NA,"01/01/2007","01/01/2007",2007,"01/02/2007",2007,0,"CUB","NA_CUB",1,1,"CUB","NA_CUB","MORTALITY",1,1,"Jakkalsdraai",3,86,"ADULT_84",0,0
68,"MALE","01/12/2008","01/12/2008",2008,"01/10/2010",2010,0,"CUB","MALE_CUB",22,12,"JUVENILE","MALE_JUVENILE","CENSORED",0,0,"Jakkalsdraai",4,109,"ADULT_84",1,0
69,NA,"01/08/2010","01/08/2010",2010,"01/11/2010",2010,0,"CUB","NA_CUB",3,3,"CUB","NA_CUB","MORTALITY",1,1,"Jakkalsdraai",5,129,"ADULT_84",0,0
70,"FEMALE","01/07/2011","01/07/2011",2011,"01/11/2011",2011,0,"CUB","FEMALE_CUB",4,4,"CUB","FEMALE_CUB","MORTALITY",1,1,"Jakkalsdraai",6,140,"ADULT_84",0,0
71,"FEMALE","01/07/2011","01/07/2011",2011,"01/09/2014",2014,0,"CUB","FEMALE_CUB",38,12,"ADULT_36_48","FEMALE_ADULT_36_48","CENSORED",0,0,"Jakkalsdraai",6,140,"ADULT_84",1,1
72,NA,"01/06/1997","01/06/1997",1997,"01/08/1997",1997,0,"CUB","NA_CUB",2,2,"CUB","NA_CUB","MORTALITY",1,1,"Kapen",1,45,"ADULT_36_48",0,0
73,NA,"01/06/1997","01/06/1997",1997,"01/08/1997",1997,0,"CUB","NA_CUB",2,2,"CUB","NA_CUB","MORTALITY",1,1,"Kapen",1,45,"ADULT_36_48",0,0
74,NA,"01/05/1998","01/05/1998",1998,"01/07/1998",1998,0,"CUB","NA_CUB",2,2,"CUB","NA_CUB","MORTALITY",1,1,"Kapen",2,56,"ADULT_48_60",0,0
75,NA,"01/05/1998","01/05/1998",1998,"01/07/1998",1998,0,"CUB","NA_CUB",2,2,"CUB","NA_CUB","MORTALITY",1,1,"Kapen",2,56,"ADULT_48_60",0,0
76,"FEMALE","01/11/1999","01/11/1999",1999,"01/01/2015",2015,0,"CUB","FEMALE_CUB",182,12,"ADULT_84","FEMALE_ADULT_84","CENSORED",0,0,"Kapen",3,74,"ADULT_72_84",1,1
77,NA,"01/11/2001","01/11/2001",2001,"01/03/2002",2002,0,"CUB","NA_CUB",4,4,"CUB","NA_CUB","MORTALITY",1,1,"Kapen",4,98,"ADULT_84",0,0
78,"FEMALE","01/11/2001","01/11/2001",2001,"01/07/2005",2005,0,"CUB","FEMALE_CUB",44,12,"ADULT_36_48","FEMALE_ADULT_36_48","MORTALITY",1,0,"Kapen",4,98,"ADULT_84",1,1
79,NA,"01/10/2004","01/10/2004",2004,"01/12/2004",2004,0,"CUB","NA_CUB",2,2,"CUB","NA_CUB","MORTALITY",1,1,"Kapen",5,133,"ADULT_84",0,0
80,NA,"01/10/2004","01/10/2004",2004,"01/12/2004",2004,0,"CUB","NA_CUB",2,2,"CUB","NA_CUB","MORTALITY",1,1,"Kapen",5,133,"ADULT_84",0,0
81,"MALE","01/06/2005","01/06/2005",2005,"01/01/2015",2015,0,"CUB","MALE_CUB",115,12,"ADULT_84","MALE_ADULT_84","CENSORED",0,0,"Kapen",6,141,"ADULT_84",1,1
82,NA,"01/01/2008","01/01/2008",2008,"01/03/2008",2008,0,"CUB","NA_CUB",2,2,"CUB","NA_CUB","MORTALITY",1,1,"Kapen",7,172,"ADULT_84",0,0
83,NA,"01/01/2008","01/01/2008",2008,"01/06/2008",2008,0,"CUB","NA_CUB",5,5,"CUB","NA_CUB","MORTALITY",1,1,"Kapen",7,172,"ADULT_84",0,0
84,NA,"01/01/2009","01/01/2009",2009,"01/04/2009",2009,0,"CUB","NA_CUB",3,3,"CUB","NA_CUB","MORTALITY",1,1,"Kapen",8,184,"ADULT_84",0,0
85,"FEMALE","01/02/2007","01/02/2007",2007,"01/06/2013",2013,0,"CUB","FEMALE_CUB",76,12,"ADULT_72_84","FEMALE_ADULT_72_84","CENSORED",0,0,"Karula",1,35,"SUBADULT",1,1
86,"FEMALE","01/02/2007","01/02/2007",2007,"01/01/2015",2015,0,"CUB","FEMALE_CUB",95,12,"ADULT_84","FEMALE_ADULT_84","CENSORED",0,0,"Karula",1,35,"SUBADULT",1,1
87,"MALE","01/11/2008","01/11/2008",2008,"01/01/2015",2015,0,"CUB","MALE_CUB",74,12,"ADULT_72_84","MALE_ADULT_72_84","CENSORED",0,0,"Karula",2,56,"ADULT_48_60",1,1
88,"MALE","01/11/2008","01/11/2008",2008,"01/01/2015",2015,0,"CUB","MALE_CUB",74,12,"ADULT_72_84","MALE_ADULT_72_84","CENSORED",0,0,"Karula",2,56,"ADULT_48_60",1,1
89,"FEMALE","01/10/2010","01/10/2010",2010,"01/03/2012",2012,0,"CUB","FEMALE_CUB",17,12,"JUVENILE","FEMALE_JUVENILE","CENSORED",0,0,"Karula",3,79,"ADULT_72_84",1,0
90,"MALE","01/10/2010","01/10/2010",2010,"01/01/2015",2015,0,"CUB","MALE_CUB",51,12,"ADULT_48_60","MALE_ADULT_48_60","CENSORED",0,0,"Karula",3,79,"ADULT_72_84",1,1
91,"MALE","01/12/2012","01/12/2012",2012,"01/01/2015",2015,0,"CUB","MALE_CUB",25,12,"SUBADULT","MALE_SUBADULT","CENSORED",0,0,"Karula",4,105,"ADULT_84",1,1
92,"MALE","01/12/2012","01/12/2012",2012,"01/01/2015",2015,0,"CUB","MALE_CUB",25,12,"SUBADULT","MALE_SUBADULT","CENSORED",0,0,"Karula",4,105,"ADULT_84",1,1
93,NA,"01/11/2014","01/11/2014",2014,"01/12/2014",2014,0,"CUB","NA_CUB",1,1,"CUB","NA_CUB","MORTALITY",1,1,"Karula",5,128,"ADULT_84",0,0
94,NA,"01/02/2006","01/02/2006",2006,"01/08/2006",2006,0,"CUB","NA_CUB",6,6,"CUB","NA_CUB","MORTALITY",1,1,"Kikilezi",1,51,"ADULT_48_60",0,0
95,"MALE","01/02/2006","01/02/2006",2006,"01/01/2015",2015,0,"CUB","MALE_CUB",107,12,"ADULT_84","MALE_ADULT_84","CENSORED",0,0,"Kikilezi",1,51,"ADULT_48_60",1,1
96,"MALE","01/02/2008","01/02/2008",2008,"01/08/2008",2008,0,"CUB","MALE_CUB",6,6,"CUB","MALE_CUB","MORTALITY",1,1,"Kikilezi",2,75,"ADULT_72_84",0,0
97,"MALE","01/02/2008","01/02/2008",2008,"01/12/2011",2011,0,"CUB","MALE_CUB",46,12,"ADULT_36_48","MALE_ADULT_36_48","CENSORED",0,0,"Kikilezi",2,75,"ADULT_72_84",1,1
98,"MALE","01/01/2010","01/01/2010",2010,"01/07/2010",2010,0,"CUB","MALE_CUB",6,6,"CUB","MALE_CUB","MORTALITY",1,1,"Kikilezi",3,98,"ADULT_84",0,0
99,"MALE","01/01/2010","01/01/2010",2010,"01/08/2010",2010,0,"CUB","MALE_CUB",7,7,"CUB","MALE_CUB","MORTALITY",1,1,"Kikilezi",3,98,"ADULT_84",0,0
100,"FEMALE","01/01/2010","01/01/2010",2010,"01/01/2015",2015,0,"CUB","FEMALE_CUB",60,12,"ADULT_48_60","FEMALE_ADULT_48_60","CENSORED",0,0,"Kikilezi",3,98,"ADULT_84",1,1
101,NA,"01/03/2012","01/03/2012",2012,"01/06/2012",2012,0,"CUB","NA_CUB",3,3,"CUB","NA_CUB","MORTALITY",1,1,"Kikilezi",4,124,"ADULT_84",0,0
102,"MALE","01/03/2012","01/03/2012",2012,"01/12/2012",2012,0,"CUB","MALE_CUB",9,9,"CUB","MALE_CUB","MORTALITY",1,1,"Kikilezi",4,124,"ADULT_84",0,0
103,NA,"01/07/2013","01/07/2013",2013,"01/08/2013",2013,0,"CUB","NA_CUB",1,1,"CUB","NA_CUB","MORTALITY",1,1,"Kikilezi",5,140,"ADULT_84",0,0
104,NA,"01/07/2013","01/07/2013",2013,"01/08/2013",2013,0,"CUB","NA_CUB",1,1,"CUB","NA_CUB","MORTALITY",1,1,"Kikilezi",5,140,"ADULT_84",0,0
105,"FEMALE","01/12/2013","01/12/2013",2013,"01/01/2015",2015,0,"CUB","FEMALE_CUB",13,12,"JUVENILE","FEMALE_JUVENILE","CENSORED",0,0,"Kikilezi",6,145,"ADULT_84",1,0
106,"MALE","01/12/2013","01/12/2013",2013,"01/01/2015",2015,0,"CUB","MALE_CUB",13,12,"JUVENILE","MALE_JUVENILE","CENSORED",0,0,"Kikilezi",6,145,"ADULT_84",1,0
107,"MALE","01/02/2009","01/02/2009",2009,"01/01/2011",2011,0,"CUB","MALE_CUB",23,12,"JUVENILE","MALE_JUVENILE","CENSORED",0,0,"KK",1,33,"SUBADULT",1,0
108,"MALE","01/02/2011","01/02/2011",2011,"01/11/2011",2011,0,"CUB","MALE_CUB",9,9,"CUB","MALE_CUB","MORTALITY",1,1,"Kwatile",1,43,"ADULT_36_48",0,0
109,NA,"01/02/2013","01/02/2013",2013,"01/07/2013",2013,0,"CUB","NA_CUB",5,5,"CUB","NA_CUB","MORTALITY",1,1,"Kwatile",2,67,"ADULT_60_72",0,0
110,"MALE","01/02/2014","01/02/2014",2014,"01/01/2015",2015,0,"CUB","MALE_CUB",11,11,"CUB","MALE_CUB","CENSORED",0,1,"Kwatile",3,79,"ADULT_72_84",0,0
111,"MALE","01/06/2011","01/06/2011",2011,"01/11/2012",2012,0,"CUB","MALE_CUB",17,12,"JUVENILE","MALE_JUVENILE","CENSORED",0,0,"Kwela_Kwela",1,61,"ADULT_60_72",1,0
112,"FEMALE","01/10/2013","01/10/2013",2013,"01/06/2014",2014,0,"CUB","FEMALE_CUB",8,8,"CUB","FEMALE_CUB","CENSORED",0,1,"Kwela_Kwela",2,89,"ADULT_84",0,0
113,NA,"01/08/2008","01/08/2008",2008,"01/02/2010",2010,0,"CUB","NA_CUB",18,12,"JUVENILE","NA_JUVENILE","CENSORED",0,0,"Little_Bush",1,38,"ADULT_36_48",1,0
114,"FEMALE","01/08/2010","01/08/2010",2010,"01/03/2011",2011,0,"CUB","FEMALE_CUB",7,7,"CUB","FEMALE_CUB","MORTALITY",1,1,"Little_Bush",2,62,"ADULT_60_72",0,0
115,NA,"01/12/2011","01/12/2011",2011,"01/03/2012",2012,0,"CUB","NA_CUB",3,3,"CUB","NA_CUB","MORTALITY",1,1,"Little_Bush",3,78,"ADULT_72_84",0,0
116,NA,"01/12/2011","01/12/2011",2011,"01/03/2012",2012,0,"CUB","NA_CUB",3,3,"CUB","NA_CUB","MORTALITY",1,1,"Little_Bush",3,78,"ADULT_72_84",0,0
117,NA,"01/01/2013","01/01/2013",2013,"01/06/2013",2013,0,"CUB","NA_CUB",5,5,"CUB","NA_CUB","MORTALITY",1,1,"Little_Bush",4,91,"ADULT_84",0,0
118,NA,"01/02/2014","01/02/2014",2014,"01/07/2014",2014,0,"CUB","NA_CUB",5,5,"CUB","NA_CUB","MORTALITY",1,1,"Little_Bush",5,104,"ADULT_84",0,0
119,"MALE","01/02/2014","01/02/2014",2014,"01/01/2015",2015,0,"CUB","MALE_CUB",11,11,"CUB","MALE_CUB","CENSORED",0,1,"Little_Bush",5,104,"ADULT_84",0,0
120,NA,"01/08/2007","01/08/2007",2007,"01/09/2007",2007,0,"CUB","NA_CUB",1,1,"CUB","NA_CUB","MORTALITY",1,1,"Makubela",1,44,"ADULT_36_48",0,0
121,NA,"01/08/2007","01/08/2007",2007,"01/09/2007",2007,0,"CUB","NA_CUB",1,1,"CUB","NA_CUB","MORTALITY",1,1,"Makubela",1,44,"ADULT_36_48",0,0
122,NA,"01/05/2008","01/05/2008",2008,"01/07/2008",2008,0,"CUB","NA_CUB",2,2,"CUB","NA_CUB","MORTALITY",1,1,"Makubela",2,53,"ADULT_48_60",0,0
123,NA,"01/05/2008","01/05/2008",2008,"01/07/2008",2008,0,"CUB","NA_CUB",2,2,"CUB","NA_CUB","MORTALITY",1,1,"Makubela",2,53,"ADULT_48_60",0,0
124,NA,"01/01/2009","01/01/2009",2009,"01/04/2009",2009,0,"CUB","NA_CUB",3,3,"CUB","NA_CUB","MORTALITY",1,1,"Makubela",3,61,"ADULT_60_72",0,0
125,NA,"01/01/2009","01/01/2009",2009,"01/04/2009",2009,0,"CUB","NA_CUB",3,3,"CUB","NA_CUB","MORTALITY",1,1,"Makubela",3,61,"ADULT_60_72",0,0
126,"MALE","01/12/2009","01/12/2009",2009,"01/06/2010",2010,0,"CUB","MALE_CUB",6,6,"CUB","MALE_CUB","MORTALITY",1,1,"Makubela",4,72,"ADULT_60_72",0,0
127,"FEMALE","01/12/2009","01/12/2009",2009,"01/07/2010",2010,0,"CUB","FEMALE_CUB",7,7,"CUB","FEMALE_CUB","MORTALITY",1,1,"Makubela",4,72,"ADULT_60_72",0,0
128,NA,"01/03/1997","01/03/1997",1997,"01/04/1997",1997,0,"CUB","NA_CUB",1,1,"CUB","NA_CUB","MORTALITY",1,1,"Makwela",1,45,"ADULT_36_48",0,0
129,NA,"01/03/1997","01/03/1997",1997,"01/04/1997",1997,0,"CUB","NA_CUB",1,1,"CUB","NA_CUB","MORTALITY",1,1,"Makwela",1,45,"ADULT_36_48",0,0
130,NA,"01/01/1998","01/01/1998",1998,"01/03/1998",1998,0,"CUB","NA_CUB",2,2,"CUB","NA_CUB","MORTALITY",1,1,"Makwela",2,55,"ADULT_48_60",0,0
131,NA,"01/01/1998","01/01/1998",1998,"01/03/1998",1998,0,"CUB","NA_CUB",2,2,"CUB","NA_CUB","MORTALITY",1,1,"Makwela",2,55,"ADULT_48_60",0,0
132,NA,"01/12/1998","01/12/1998",1998,"01/03/1999",1999,0,"CUB","NA_CUB",3,3,"CUB","NA_CUB","MORTALITY",1,1,"Makwela",3,66,"ADULT_60_72",0,0
133,NA,"01/12/1998","01/12/1998",1998,"01/03/1999",1999,0,"CUB","NA_CUB",3,3,"CUB","NA_CUB","MORTALITY",1,1,"Makwela",3,66,"ADULT_60_72",0,0
134,"MALE","01/11/1999","01/11/1999",1999,"01/12/2001",2001,0,"CUB","MALE_CUB",25,12,"SUBADULT","MALE_SUBADULT","CENSORED",0,0,"Makwela",4,77,"ADULT_72_84",1,1
135,"MALE","01/11/1999","01/11/1999",1999,"01/12/2001",2001,0,"CUB","MALE_CUB",25,12,"SUBADULT","MALE_SUBADULT","CENSORED",0,0,"Makwela",4,77,"ADULT_72_84",1,1
136,"FEMALE","01/12/2001","01/12/2001",2001,"01/12/2003",2003,0,"CUB","FEMALE_CUB",24,12,"JUVENILE","FEMALE_JUVENILE","MORTALITY",1,0,"Makwela",5,102,"ADULT_84",1,1
137,"FEMALE","01/12/2001","01/12/2001",2001,"01/03/2012",2012,0,"CUB","FEMALE_CUB",123,12,"ADULT_84","FEMALE_ADULT_84","MORTALITY",1,0,"Makwela",5,102,"ADULT_84",1,1
138,"FEMALE","01/12/2001","01/12/2001",2001,"01/06/2013",2013,0,"CUB","FEMALE_CUB",138,12,"ADULT_84","FEMALE_ADULT_84","MORTALITY",1,0,"Makwela",5,102,"ADULT_84",1,1
139,"MALE","01/01/2004","01/01/2004",2004,"01/03/2006",2006,0,"CUB","MALE_CUB",26,12,"SUBADULT","MALE_SUBADULT","CENSORED",0,0,"Makwela",6,127,"ADULT_84",1,1
140,NA,"01/12/2005","01/12/2005",2005,"01/01/2006",2006,0,"CUB","NA_CUB",1,1,"CUB","NA_CUB","MORTALITY",1,1,"Makwela",7,150,"ADULT_84",0,0
141,NA,"01/12/2005","01/12/2005",2005,"01/01/2006",2006,0,"CUB","NA_CUB",1,1,"CUB","NA_CUB","MORTALITY",1,1,"Makwela",7,150,"ADULT_84",0,0
142,"FEMALE","01/05/2006","01/05/2006",2006,"01/01/2015",2015,0,"CUB","FEMALE_CUB",104,12,"ADULT_84","FEMALE_ADULT_84","CENSORED",0,0,"Makwela",8,155,"ADULT_84",1,1
143,NA,"01/04/2008","01/04/2008",2008,"01/08/2008",2008,0,"CUB","NA_CUB",4,4,"CUB","NA_CUB","MORTALITY",1,1,"Makwela",9,178,"ADULT_84",0,0
144,NA,"01/04/2008","01/04/2008",2008,"01/10/2008",2008,0,"CUB","NA_CUB",6,6,"CUB","NA_CUB","MORTALITY",1,1,"Makwela",9,178,"ADULT_84",0,0
145,NA,"01/04/2008","01/04/2008",2008,"01/10/2008",2008,0,"CUB","NA_CUB",6,6,"CUB","NA_CUB","MORTALITY",1,1,"Makwela",9,178,"ADULT_84",0,0
146,NA,"01/02/2009","01/02/2009",2009,"01/03/2009",2009,0,"CUB","NA_CUB",1,1,"CUB","NA_CUB","MORTALITY",1,1,"Makwela",10,188,"ADULT_84",0,0
147,NA,"01/02/2009","01/02/2009",2009,"01/03/2009",2009,0,"CUB","NA_CUB",1,1,"CUB","NA_CUB","MORTALITY",1,1,"Makwela",10,188,"ADULT_84",0,0
148,NA,"01/11/2006","01/11/2006",2006,"01/01/2007",2007,0,"CUB","NA_CUB",2,2,"CUB","NA_CUB","MORTALITY",1,1,"Mambiri",1,59,"ADULT_48_60",0,0
149,"FEMALE","01/11/2006","01/11/2006",2006,"01/04/2014",2014,0,"CUB","FEMALE_CUB",89,12,"ADULT_84","FEMALE_ADULT_84","MORTALITY",1,0,"Mambiri",1,59,"ADULT_48_60",1,1
150,"FEMALE","01/04/2009","01/04/2009",2009,"01/01/2015",2015,0,"CUB","FEMALE_CUB",69,12,"ADULT_60_72","FEMALE_ADULT_60_72","CENSORED",0,0,"Mambiri",2,88,"ADULT_84",1,1
151,NA,"01/08/2012","01/08/2012",2012,"01/09/2012",2012,0,"CUB","NA_CUB",1,1,"CUB","NA_CUB","MORTALITY",1,1,"Mashaba",1,47,"ADULT_36_48",0,0
152,NA,"01/08/2012","01/08/2012",2012,"01/09/2012",2012,0,"CUB","NA_CUB",1,1,"CUB","NA_CUB","MORTALITY",1,1,"Mashaba",1,47,"ADULT_36_48",0,0
153,"FEMALE","01/08/2012","01/08/2012",2012,"01/01/2015",2015,0,"CUB","FEMALE_CUB",29,12,"SUBADULT","FEMALE_SUBADULT","CENSORED",0,0,"Mashaba",1,47,"ADULT_36_48",1,1
154,"FEMALE","01/06/2013","01/06/2013",2013,"01/01/2015",2015,0,"CUB","FEMALE_CUB",19,12,"JUVENILE","FEMALE_JUVENILE","CENSORED",0,0,"Mashaba",1,47,"ADULT_36_48",1,0
155,NA,"01/03/2014","01/03/2014",2014,"01/05/2014",2014,0,"CUB","NA_CUB",2,2,"CUB","NA_CUB","MORTALITY",1,1,"Mashaba",2,66,"ADULT_60_72",0,0
156,NA,"01/03/2014","01/03/2014",2014,"01/05/2014",2014,0,"CUB","NA_CUB",2,2,"CUB","NA_CUB","MORTALITY",1,1,"Mashaba",2,66,"ADULT_60_72",0,0
157,NA,"01/03/2014","01/03/2014",2014,"01/05/2014",2014,0,"CUB","NA_CUB",2,2,"CUB","NA_CUB","MORTALITY",1,1,"Mashaba",2,66,"ADULT_60_72",0,0
158,NA,"01/12/2005","01/12/2005",2005,"01/04/2006",2006,0,"CUB","NA_CUB",4,4,"CUB","NA_CUB","MORTALITY",1,1,"Matshapiri",1,62,"ADULT_60_72",0,0
159,"FEMALE","01/12/2005","01/12/2005",2005,"01/01/2008",2008,0,"CUB","FEMALE_CUB",25,12,"SUBADULT","FEMALE_SUBADULT","CENSORED",0,0,"Matshapiri",1,62,"ADULT_60_72",1,1
160,"MALE","01/08/2008","01/08/2008",2008,"01/08/2012",2012,0,"CUB","MALE_CUB",48,12,"ADULT_36_48","MALE_ADULT_36_48","CENSORED",0,0,"Matshapiri",2,94,"ADULT_84",1,1
161,"MALE","01/11/2011","01/11/2011",2011,"01/10/2012",2012,0,"CUB","MALE_CUB",11,11,"CUB","MALE_CUB","MORTALITY",1,1,"Matshapiri",3,133,"ADULT_84",0,0
162,"FEMALE","01/11/2011","01/11/2011",2011,"01/09/2013",2013,0,"CUB","FEMALE_CUB",22,12,"JUVENILE","FEMALE_JUVENILE","CENSORED",0,0,"Matshapiri",3,133,"ADULT_84",1,0
163,"MALE","01/03/2010","01/03/2010",2010,"01/12/2011",2011,0,"CUB","MALE_CUB",21,12,"JUVENILE","MALE_JUVENILE","CENSORED",0,0,"Metsi",1,40,"ADULT_36_48",1,0
164,"MALE","01/03/2010","01/03/2010",2010,"01/12/2011",2011,0,"CUB","MALE_CUB",21,12,"JUVENILE","MALE_JUVENILE","CENSORED",0,0,"Metsi",1,40,"ADULT_36_48",1,0
165,"FEMALE","01/08/2012","01/08/2012",2012,"01/01/2015",2015,0,"CUB","FEMALE_CUB",29,12,"SUBADULT","FEMALE_SUBADULT","CENSORED",0,0,"Metsi",2,69,"ADULT_60_72",1,1
166,NA,"01/05/2010","01/05/2010",2010,"01/07/2010",2010,0,"CUB","NA_CUB",2,2,"CUB","NA_CUB","MORTALITY",1,1,"Mobeni",1,NA,NA,0,0
167,"MALE","01/05/2011","01/05/2011",2011,"01/10/2011",2011,0,"CUB","MALE_CUB",5,5,"CUB","MALE_CUB","MORTALITY",1,1,"Mobeni",2,NA,NA,0,0
168,NA,"01/02/2012","01/02/2012",2012,"01/09/2012",2012,0,"CUB","NA_CUB",7,7,"CUB","NA_CUB","MORTALITY",1,1,"Mobeni",3,NA,NA,0,0
169,"MALE","01/02/2012","01/02/2012",2012,"01/01/2015",2015,0,"CUB","MALE_CUB",35,12,"SUBADULT","MALE_SUBADULT","CENSORED",0,0,"Mobeni",3,NA,NA,1,1
170,"FEMALE","01/01/2014","01/01/2014",2014,"01/01/2015",2015,0,"CUB","FEMALE_CUB",12,12,"CUB","FEMALE_CUB","CENSORED",0,1,"Mobeni",4,NA,NA,1,0
171,"MALE","01/01/2014","01/01/2014",2014,"01/01/2015",2015,0,"CUB","MALE_CUB",12,12,"CUB","MALE_CUB","CENSORED",0,1,"Mobeni",4,NA,NA,1,0
172,"FEMALE","01/09/1979","01/09/1979",1979,"01/11/1982",1982,0,"CUB","FEMALE_CUB",38,12,"ADULT_36_48","FEMALE_ADULT_36_48","MORTALITY",1,0,"Mother",1,45,"ADULT_36_48",1,1
173,"FEMALE","01/09/1979","01/09/1979",1979,"01/06/1984",1984,0,"CUB","FEMALE_CUB",57,12,"ADULT_48_60","FEMALE_ADULT_48_60","CENSORED",0,0,"Mother",1,45,"ADULT_36_48",1,1
174,"MALE","01/08/1981","01/08/1981",1981,"01/03/1983",1983,0,"CUB","MALE_CUB",19,12,"JUVENILE","MALE_JUVENILE","CENSORED",0,0,"Mother",2,68,"ADULT_60_72",1,0
175,"FEMALE","01/08/1981","01/08/1981",1981,"01/06/1988",1988,0,"CUB","FEMALE_CUB",82,12,"ADULT_72_84","FEMALE_ADULT_72_84","MORTALITY",1,0,"Mother",2,68,"ADULT_60_72",1,1
176,NA,"01/01/1983","01/01/1983",1983,"01/04/1983",1983,0,"CUB","NA_CUB",3,3,"CUB","NA_CUB","MORTALITY",1,1,"Mother",3,85,"ADULT_84",0,0
177,NA,"01/01/1983","01/01/1983",1983,"01/04/1983",1983,0,"CUB","NA_CUB",3,3,"CUB","NA_CUB","MORTALITY",1,1,"Mother",3,85,"ADULT_84",0,0
178,"FEMALE","01/01/1983","01/01/1983",1983,"01/02/1984",1984,0,"CUB","FEMALE_CUB",13,12,"JUVENILE","FEMALE_JUVENILE","CENSORED",0,0,"Mother",3,85,"ADULT_84",1,0
179,"MALE","01/04/1984","01/04/1984",1984,"01/12/1985",1985,0,"CUB","MALE_CUB",20,12,"JUVENILE","MALE_JUVENILE","MORTALITY",1,0,"Mother",4,100,"ADULT_84",1,0
180,"FEMALE","01/04/1984","01/04/1984",1984,"01/11/2000",2000,0,"CUB","FEMALE_CUB",199,12,"ADULT_84","FEMALE_ADULT_84","MORTALITY",1,0,"Mother",4,100,"ADULT_84",1,1
181,"MALE","01/10/1985","01/10/1985",1985,"01/12/1986",1986,0,"CUB","MALE_CUB",14,12,"JUVENILE","MALE_JUVENILE","CENSORED",0,0,"Mother",5,118,"ADULT_84",1,0
182,"FEMALE","01/10/1985","01/10/1985",1985,"01/04/1991",1991,0,"CUB","FEMALE_CUB",66,12,"ADULT_60_72","FEMALE_ADULT_60_72","MORTALITY",1,0,"Mother",5,118,"ADULT_84",1,1
183,NA,"01/01/1987","01/01/1987",1987,"01/02/1987",1987,0,"CUB","NA_CUB",1,1,"CUB","NA_CUB","MORTALITY",1,1,"Mother",6,133,"ADULT_84",0,0
184,NA,"01/01/1987","01/01/1987",1987,"01/02/1987",1987,0,"CUB","NA_CUB",1,1,"CUB","NA_CUB","MORTALITY",1,1,"Mother",6,133,"ADULT_84",0,0
185,"MALE","01/06/1987","01/06/1987",1987,"01/06/1990",1990,0,"CUB","MALE_CUB",36,12,"SUBADULT","MALE_SUBADULT","CENSORED",0,0,"Mother",7,138,"ADULT_84",1,1
186,NA,"01/08/1988","01/08/1988",1988,"01/12/1988",1988,0,"CUB","NA_CUB",4,4,"CUB","NA_CUB","MORTALITY",1,1,"Mother",8,152,"ADULT_84",0,0
187,"FEMALE","01/08/1988","01/08/1988",1988,"01/06/1993",1993,0,"CUB","FEMALE_CUB",58,12,"ADULT_48_60","FEMALE_ADULT_48_60","MORTALITY",1,0,"Mother",8,152,"ADULT_84",1,1
188,"MALE","01/10/1989","01/10/1989",1989,"01/03/1991",1991,0,"CUB","MALE_CUB",17,12,"JUVENILE","MALE_JUVENILE","CENSORED",0,0,"Mother",9,166,"ADULT_84",1,0
189,NA,"01/11/2001","01/11/2001",2001,"01/01/2002",2002,0,"CUB","NA_CUB",2,2,"CUB","NA_CUB","MORTALITY",1,1,"Mxabene",1,46,"ADULT_36_48",0,0
190,NA,"01/11/2001","01/11/2001",2001,"01/01/2002",2002,0,"CUB","NA_CUB",2,2,"CUB","NA_CUB","MORTALITY",1,1,"Mxabene",1,46,"ADULT_36_48",0,0
191,"MALE","01/04/2002","01/04/2002",2002,"01/08/2002",2002,0,"CUB","MALE_CUB",4,4,"CUB","MALE_CUB","MORTALITY",1,1,"Mxabene",2,51,"ADULT_48_60",0,0
192,"FEMALE","01/04/2002","01/04/2002",2002,"01/12/2004",2004,0,"CUB","FEMALE_CUB",32,12,"SUBADULT","FEMALE_SUBADULT","MORTALITY",1,0,"Mxabene",2,51,"ADULT_48_60",1,1
193,NA,"01/06/2004","01/06/2004",2004,"01/10/2004",2004,0,"CUB","NA_CUB",4,4,"CUB","NA_CUB","MORTALITY",1,1,"Mxabene",3,77,"ADULT_72_84",0,0
194,NA,"01/06/2004","01/06/2004",2004,"01/10/2004",2004,0,"CUB","NA_CUB",4,4,"CUB","NA_CUB","MORTALITY",1,1,"Mxabene",3,77,"ADULT_72_84",0,0
195,NA,"01/11/2005","01/11/2005",2005,"01/12/2005",2005,0,"CUB","NA_CUB",1,1,"CUB","NA_CUB","MORTALITY",1,1,"Mxabene",4,94,"ADULT_84",0,0
196,NA,"01/11/2005","01/11/2005",2005,"01/02/2006",2006,0,"CUB","NA_CUB",3,3,"CUB","NA_CUB","MORTALITY",1,1,"Mxabene",4,94,"ADULT_84",0,0
197,"MALE","01/04/2006","01/04/2006",2006,"01/11/2006",2006,0,"CUB","MALE_CUB",7,7,"CUB","MALE_CUB","MORTALITY",1,1,"Mxabene",5,99,"ADULT_84",0,0
198,"MALE","01/04/2006","01/04/2006",2006,"01/02/2013",2013,0,"CUB","MALE_CUB",82,12,"ADULT_72_84","MALE_ADULT_72_84","CENSORED",0,0,"Mxabene",5,99,"ADULT_84",1,1
199,"MALE","01/09/2008","01/09/2008",2008,"01/01/2015",2015,0,"CUB","MALE_CUB",76,12,"ADULT_72_84","MALE_ADULT_72_84","CENSORED",0,0,"Mxabene",6,128,"ADULT_84",1,1
200,"MALE","01/09/2008","01/09/2008",2008,"01/01/2015",2015,0,"CUB","MALE_CUB",76,12,"ADULT_72_84","MALE_ADULT_72_84","CENSORED",0,0,"Mxabene",6,128,"ADULT_84",1,1
201,NA,"01/01/2011","01/01/2011",2011,"01/03/2011",2011,0,"CUB","NA_CUB",2,2,"CUB","NA_CUB","MORTALITY",1,1,"Mxabene",7,156,"ADULT_84",0,0
202,NA,"01/01/2011","01/01/2011",2011,"01/03/2011",2011,0,"CUB","NA_CUB",2,2,"CUB","NA_CUB","MORTALITY",1,1,"Mxabene",7,156,"ADULT_84",0,0
203,NA,"01/09/2012","01/09/2012",2012,"01/10/2012",2012,0,"CUB","NA_CUB",1,1,"CUB","NA_CUB","MORTALITY",1,1,"Mxabene",8,176,"ADULT_84",0,0
204,"MALE","01/06/2013","01/06/2013",2013,"01/11/2013",2013,0,"CUB","MALE_CUB",5,5,"CUB","MALE_CUB","MORTALITY",1,1,"Nanga",1,47,"ADULT_36_48",0,0
205,"MALE","01/06/2013","01/06/2013",2013,"01/01/2015",2015,0,"CUB","MALE_CUB",19,12,"JUVENILE","MALE_JUVENILE","CENSORED",0,0,"Nanga",1,47,"ADULT_36_48",1,0
206,NA,"01/05/2014","01/05/2014",2014,"01/08/2014",2014,0,"CUB","NA_CUB",3,3,"CUB","NA_CUB","MORTALITY",1,1,"Nanga",2,58,"ADULT_48_60",0,0
207,NA,"01/05/2014","01/05/2014",2014,"01/08/2014",2014,0,"CUB","NA_CUB",3,3,"CUB","NA_CUB","MORTALITY",1,1,"Nanga",2,58,"ADULT_48_60",0,0
208,NA,"01/12/1997","01/12/1997",1997,"01/02/1998",1998,0,"CUB","NA_CUB",2,2,"CUB","NA_CUB","MORTALITY",1,1,"Ngoboswan",1,45,"ADULT_36_48",0,0
209,"FEMALE","01/12/1997","01/12/1997",1997,"01/07/2013",2013,0,"CUB","FEMALE_CUB",187,12,"ADULT_84","FEMALE_ADULT_84","MORTALITY",1,0,"Ngoboswan",1,45,"ADULT_36_48",1,1
210,"MALE","01/10/1999","01/10/1999",1999,"01/01/2000",2000,0,"CUB","MALE_CUB",3,3,"CUB","MALE_CUB","MORTALITY",1,1,"Ngoboswan",2,67,"ADULT_60_72",0,0
211,"FEMALE","01/10/1999","01/10/1999",1999,"01/06/2002",2002,0,"CUB","FEMALE_CUB",32,12,"SUBADULT","FEMALE_SUBADULT","CENSORED",0,0,"Ngoboswan",2,67,"ADULT_60_72",1,1
212,"FEMALE","01/10/1999","01/10/1999",1999,"01/05/2013",2013,0,"CUB","FEMALE_CUB",163,12,"ADULT_84","FEMALE_ADULT_84","MORTALITY",1,0,"Ngoboswan",2,67,"ADULT_60_72",1,1
213,"MALE","01/11/2001","01/11/2001",2001,"01/08/2002",2002,0,"CUB","MALE_CUB",9,9,"CUB","MALE_CUB","MORTALITY",1,1,"Ngoboswan",3,92,"ADULT_84",0,0
214,"FEMALE","01/11/2001","01/11/2001",2001,"01/08/2003",2003,0,"CUB","FEMALE_CUB",21,12,"JUVENILE","FEMALE_JUVENILE","MORTALITY",1,0,"Ngoboswan",3,92,"ADULT_84",1,0
215,"FEMALE","01/11/2001","01/11/2001",2001,"01/01/2015",2015,0,"CUB","FEMALE_CUB",158,12,"ADULT_84","FEMALE_ADULT_84","CENSORED",0,0,"Ngoboswan",3,92,"ADULT_84",1,1
216,NA,"01/10/2004","01/10/2004",2004,"01/11/2004",2004,0,"CUB","NA_CUB",1,1,"CUB","NA_CUB","MORTALITY",1,1,"Ngoboswan",4,127,"ADULT_84",0,0
217,NA,"01/10/2004","01/10/2004",2004,"01/11/2004",2004,0,"CUB","NA_CUB",1,1,"CUB","NA_CUB","MORTALITY",1,1,"Ngoboswan",4,127,"ADULT_84",0,0
218,NA,"01/02/2005","01/02/2005",2005,"01/06/2005",2005,0,"CUB","NA_CUB",4,4,"CUB","NA_CUB","MORTALITY",1,1,"Ngoboswan",5,131,"ADULT_84",0,0
219,NA,"01/02/2005","01/02/2005",2005,"01/06/2005",2005,0,"CUB","NA_CUB",4,4,"CUB","NA_CUB","MORTALITY",1,1,"Ngoboswan",5,131,"ADULT_84",0,0
220,NA,"01/02/2005","01/02/2005",2005,"01/06/2005",2005,0,"CUB","NA_CUB",4,4,"CUB","NA_CUB","MORTALITY",1,1,"Ngoboswan",5,131,"ADULT_84",0,0
221,NA,"01/11/2005","01/11/2005",2005,"01/03/2006",2006,0,"CUB","NA_CUB",4,4,"CUB","NA_CUB","MORTALITY",1,1,"Ngoboswan",6,140,"ADULT_84",0,0
222,"MALE","01/11/2005","01/11/2005",2005,"01/11/2008",2008,0,"CUB","MALE_CUB",36,12,"SUBADULT","MALE_SUBADULT","CENSORED",0,0,"Ngoboswan",6,140,"ADULT_84",1,1
223,NA,"01/10/2007","01/10/2007",2007,"01/06/2008",2008,0,"CUB","NA_CUB",8,8,"CUB","NA_CUB","MORTALITY",1,1,"Ngoboswan",7,163,"ADULT_84",0,0
224,"FEMALE","01/10/2007","01/10/2007",2007,"01/01/2015",2015,0,"CUB","FEMALE_CUB",87,12,"ADULT_84","FEMALE_ADULT_84","CENSORED",0,0,"Ngoboswan",7,163,"ADULT_84",1,1
225,"FEMALE","01/11/1998","01/11/1998",1998,"01/03/2002",2002,0,"CUB","FEMALE_CUB",40,12,"ADULT_36_48","FEMALE_ADULT_36_48","MORTALITY",1,0,"Nottens",1,37,"ADULT_36_48",1,1
226,"FEMALE","01/11/1998","01/11/1998",1998,"01/01/2015",2015,0,"CUB","FEMALE_CUB",194,12,"ADULT_84","FEMALE_ADULT_84","CENSORED",0,0,"Nottens",1,37,"ADULT_36_48",1,1
227,NA,"01/10/2001","01/10/2001",2001,"01/12/2001",2001,0,"CUB","NA_CUB",2,2,"CUB","NA_CUB","MORTALITY",1,1,"Nottens",2,72,"ADULT_60_72",0,0
228,NA,"01/10/2001","01/10/2001",2001,"01/12/2001",2001,0,"CUB","NA_CUB",2,2,"CUB","NA_CUB","MORTALITY",1,1,"Nottens",2,72,"ADULT_60_72",0,0
229,"FEMALE","01/11/2002","01/11/2002",2002,"01/01/2003",2003,0,"CUB","FEMALE_CUB",2,2,"CUB","FEMALE_CUB","MORTALITY",1,1,"Nottens",3,85,"ADULT_84",0,0
230,NA,"01/09/2003","01/09/2003",2003,"01/02/2004",2004,0,"CUB","NA_CUB",5,5,"CUB","NA_CUB","MORTALITY",1,1,"Nottens",4,95,"ADULT_84",0,0
231,NA,"01/09/2003","01/09/2003",2003,"01/02/2004",2004,0,"CUB","NA_CUB",5,5,"CUB","NA_CUB","MORTALITY",1,1,"Nottens",4,95,"ADULT_84",0,0
232,NA,"01/03/2005","01/03/2005",2005,"01/06/2005",2005,0,"CUB","NA_CUB",3,3,"CUB","NA_CUB","MORTALITY",1,1,"Nottens",5,113,"ADULT_84",0,0
233,NA,"01/03/2005","01/03/2005",2005,"01/06/2005",2005,0,"CUB","NA_CUB",3,3,"CUB","NA_CUB","MORTALITY",1,1,"Nottens",5,113,"ADULT_84",0,0
234,NA,"01/06/2006","01/06/2006",2006,"01/09/2006",2006,0,"CUB","NA_CUB",3,3,"CUB","NA_CUB","MORTALITY",1,1,"Nottens",6,128,"ADULT_84",0,0
235,"FEMALE","01/06/2006","01/06/2006",2006,"01/01/2008",2008,0,"CUB","FEMALE_CUB",19,12,"JUVENILE","FEMALE_JUVENILE","CENSORED",0,0,"Nottens",6,128,"ADULT_84",1,0
236,NA,"01/11/2008","01/11/2008",2008,"01/12/2008",2008,0,"CUB","NA_CUB",1,1,"CUB","NA_CUB","MORTALITY",1,1,"Nottens",7,157,"ADULT_84",0,0
237,NA,"01/11/2008","01/11/2008",2008,"01/12/2008",2008,0,"CUB","NA_CUB",1,1,"CUB","NA_CUB","MORTALITY",1,1,"Nottens",7,157,"ADULT_84",0,0
238,NA,"01/01/2010","01/01/2010",2010,"01/02/2010",2010,0,"CUB","NA_CUB",1,1,"CUB","NA_CUB","MORTALITY",1,1,"Nottens",8,171,"ADULT_84",0,0
239,NA,"01/01/2010","01/01/2010",2010,"01/02/2010",2010,0,"CUB","NA_CUB",1,1,"CUB","NA_CUB","MORTALITY",1,1,"Nottens",8,171,"ADULT_84",0,0
240,NA,"01/03/2013","01/03/2013",2013,"01/04/2013",2013,0,"CUB","NA_CUB",1,1,"CUB","NA_CUB","MORTALITY",1,1,"Nsele",1,53,"ADULT_48_60",0,0
241,NA,"01/03/2013","01/03/2013",2013,"01/04/2013",2013,0,"CUB","NA_CUB",1,1,"CUB","NA_CUB","MORTALITY",1,1,"Nsele",1,53,"ADULT_48_60",0,0
242,NA,"01/09/2013","01/09/2013",2013,"01/01/2015",2015,0,"CUB","NA_CUB",16,12,"JUVENILE","NA_JUVENILE","CENSORED",0,0,"Nsele",2,47,"ADULT_36_48",1,0
243,NA,"01/09/2013","01/09/2013",2013,"01/01/2015",2015,0,"CUB","NA_CUB",16,12,"JUVENILE","NA_JUVENILE","CENSORED",0,0,"Nsele",2,47,"ADULT_36_48",1,0
244,NA,"01/02/2007","01/02/2007",2007,"01/04/2007",2007,0,"CUB","NA_CUB",2,2,"CUB","NA_CUB","MORTALITY",1,1,"Nyeleti",1,49,"ADULT_48_60",0,0
245,NA,"01/02/2007","01/02/2007",2007,"01/04/2007",2007,0,"CUB","NA_CUB",2,2,"CUB","NA_CUB","MORTALITY",1,1,"Nyeleti",1,49,"ADULT_48_60",0,0
246,"FEMALE","01/04/2008","01/04/2008",2008,"01/11/2008",2008,0,"CUB","FEMALE_CUB",7,7,"CUB","FEMALE_CUB","MORTALITY",1,1,"Nyeleti",2,63,"ADULT_60_72",0,0
247,"FEMALE","01/04/2008","01/04/2008",2008,"01/10/2010",2010,0,"CUB","FEMALE_CUB",30,12,"SUBADULT","FEMALE_SUBADULT","MORTALITY",1,0,"Nyeleti",2,63,"ADULT_60_72",1,1
248,"MALE","01/07/2009","01/07/2009",2009,"01/02/2012",2012,0,"CUB","MALE_CUB",31,12,"SUBADULT","MALE_SUBADULT","CENSORED",0,0,"Nyeleti",3,78,"ADULT_72_84",1,1
249,"FEMALE","01/07/2009","01/07/2009",2009,"01/01/2015",2015,0,"CUB","FEMALE_CUB",66,12,"ADULT_60_72","FEMALE_ADULT_60_72","CENSORED",0,0,"Nyeleti",3,78,"ADULT_72_84",1,1
250,"MALE","01/07/2009","01/07/2009",2009,"01/01/2015",2015,0,"CUB","MALE_CUB",66,12,"ADULT_60_72","MALE_ADULT_60_72","CENSORED",0,0,"Nyeleti",3,78,"ADULT_72_84",1,1
251,"MALE","01/01/2009","01/01/2009",2009,"01/09/2009",2009,0,"CUB","MALE_CUB",8,8,"CUB","MALE_CUB","MORTALITY",1,1,"Ostrich_Koppies",1,51,"ADULT_48_60",0,0
252,"MALE","01/01/2009","01/01/2009",2009,"01/11/2009",2009,0,"CUB","MALE_CUB",10,10,"CUB","MALE_CUB","MORTALITY",1,1,"Ostrich_Koppies",1,51,"ADULT_48_60",0,0
253,NA,"01/09/2010","01/09/2010",2010,"01/12/2010",2010,0,"CUB","NA_CUB",3,3,"CUB","NA_CUB","MORTALITY",1,1,"Ostrich_Koppies",2,71,"ADULT_60_72",0,0
254,"FEMALE","01/09/2010","01/09/2010",2010,"01/02/2012",2012,0,"CUB","FEMALE_CUB",17,12,"JUVENILE","FEMALE_JUVENILE","CENSORED",0,0,"Ostrich_Koppies",2,71,"ADULT_60_72",1,0
255,NA,"01/05/2012","01/05/2012",2012,"01/06/2012",2012,0,"CUB","NA_CUB",1,1,"CUB","NA_CUB","MORTALITY",1,1,"Ostrich_Koppies",3,91,"ADULT_84",0,0
256,NA,"01/05/2012","01/05/2012",2012,"01/06/2012",2012,0,"CUB","NA_CUB",1,1,"CUB","NA_CUB","MORTALITY",1,1,"Ostrich_Koppies",3,91,"ADULT_84",0,0
257,NA,"01/01/2013","01/01/2013",2013,"01/04/2013",2013,0,"CUB","NA_CUB",3,3,"CUB","NA_CUB","MORTALITY",1,1,"Ostrich_Koppies",4,99,"ADULT_84",0,0
258,"FEMALE","01/01/2013","01/01/2013",2013,"01/07/2013",2013,0,"CUB","FEMALE_CUB",6,6,"CUB","FEMALE_CUB","MORTALITY",1,1,"Ostrich_Koppies",4,99,"ADULT_84",0,0
259,NA,"01/01/2014","01/01/2014",2014,"01/02/2014",2014,0,"CUB","NA_CUB",1,1,"CUB","NA_CUB","MORTALITY",1,1,"Ostrich_Koppies",5,111,"ADULT_84",0,0
260,NA,"01/01/2014","01/01/2014",2014,"02/02/2014",2014,0,"CUB","NA_CUB",1,1,"CUB","NA_CUB","MORTALITY",1,1,"Ostrich_Koppies",5,111,"ADULT_84",0,0
261,"FEMALE","01/06/2014","01/06/2014",2014,"01/11/2014",2014,0,"CUB","FEMALE_CUB",5,5,"CUB","FEMALE_CUB","MORTALITY",1,1,"Ostrich_Koppies",6,116,"ADULT_84",0,0
262,"MALE","01/06/2014","01/06/2014",2014,"01/01/2015",2015,0,"CUB","MALE_CUB",7,7,"CUB","MALE_CUB","CENSORED",0,1,"Ostrich_Koppies",6,116,"ADULT_84",0,0
263,NA,"01/07/2005","01/07/2005",2005,"01/08/2005",2005,0,"CUB","NA_CUB",1,1,"CUB","NA_CUB","MORTALITY",1,1,"Ravenscourt",1,43,"ADULT_36_48",0,0
264,NA,"01/07/2005","01/07/2005",2005,"01/08/2005",2005,0,"CUB","NA_CUB",1,1,"CUB","NA_CUB","MORTALITY",1,1,"Ravenscourt",1,43,"ADULT_36_48",0,0
265,"FEMALE","01/03/2006","01/03/2006",2006,"01/06/2006",2006,0,"CUB","FEMALE_CUB",3,3,"CUB","FEMALE_CUB","MORTALITY",1,1,"Ravenscourt",2,51,"ADULT_48_60",0,0
266,"MALE","01/03/2006","01/03/2006",2006,"01/11/2008",2008,0,"CUB","MALE_CUB",32,12,"SUBADULT","MALE_SUBADULT","CENSORED",0,0,"Ravenscourt",2,51,"ADULT_48_60",1,1
267,"FEMALE","01/12/2007","01/12/2007",2007,"01/04/2008",2008,0,"CUB","FEMALE_CUB",4,4,"CUB","FEMALE_CUB","MORTALITY",1,1,"Ravenscourt",3,72,"ADULT_60_72",0,0
268,"MALE","01/12/2007","01/12/2007",2007,"01/02/2012",2012,0,"CUB","MALE_CUB",50,12,"ADULT_48_60","MALE_ADULT_48_60","CENSORED",0,0,"Ravenscourt",3,72,"ADULT_60_72",1,1
269,"MALE","01/04/2009","01/04/2009",2009,"01/06/2010",2010,0,"CUB","MALE_CUB",14,12,"JUVENILE","MALE_JUVENILE","MORTALITY",1,0,"Ravenscourt",4,88,"ADULT_84",1,0
270,"MALE","01/04/2009","01/04/2009",2009,"01/02/2011",2011,0,"CUB","MALE_CUB",22,12,"JUVENILE","MALE_JUVENILE","CENSORED",0,0,"Ravenscourt",4,88,"ADULT_84",1,0
271,"MALE","01/01/2011","01/01/2011",2011,"01/02/2011",2011,0,"CUB","MALE_CUB",1,1,"CUB","MALE_CUB","MORTALITY",1,1,"Ravenscourt",5,109,"ADULT_84",0,0
272,"MALE","01/01/2011","01/01/2011",2011,"01/06/2011",2011,0,"CUB","MALE_CUB",5,5,"CUB","MALE_CUB","MORTALITY",1,1,"Ravenscourt",5,109,"ADULT_84",0,0
273,"FEMALE","01/01/2011","01/01/2011",2011,"01/10/2011",2011,0,"CUB","FEMALE_CUB",9,9,"CUB","FEMALE_CUB","MORTALITY",1,1,"Ravenscourt",5,109,"ADULT_84",0,0
274,NA,"01/02/2012","01/02/2012",2012,"01/03/2012",2012,0,"CUB","NA_CUB",1,1,"CUB","NA_CUB","MORTALITY",1,1,"Ravenscourt",6,122,"ADULT_84",0,0
275,"MALE","01/02/2012","01/02/2012",2012,"01/09/2012",2012,0,"CUB","MALE_CUB",7,7,"CUB","MALE_CUB","MORTALITY",1,1,"Ravenscourt",6,122,"ADULT_84",0,0
276,"MALE","01/02/2012","01/02/2012",2012,"01/01/2015",2015,0,"CUB","MALE_CUB",35,12,"SUBADULT","MALE_SUBADULT","CENSORED",0,0,"Ravenscourt",6,122,"ADULT_84",1,1
277,"FEMALE","01/05/2006","01/05/2006",2006,"01/03/2012",2012,0,"CUB","FEMALE_CUB",70,12,"ADULT_60_72","FEMALE_ADULT_60_72","MORTALITY",1,0,"Rollercoaster",1,47,"ADULT_36_48",1,1
278,NA,"01/12/2008","01/12/2008",2008,"01/03/2009",2009,0,"CUB","NA_CUB",3,3,"CUB","NA_CUB","MORTALITY",1,1,"Rollercoaster",2,78,"ADULT_72_84",0,0
279,"MALE","01/12/2008","01/12/2008",2008,"01/11/2010",2010,0,"CUB","MALE_CUB",23,12,"JUVENILE","MALE_JUVENILE","CENSORED",0,0,"Rollercoaster",2,78,"ADULT_72_84",1,0
280,"MALE","01/04/2011","01/04/2011",2011,"01/10/2013",2013,0,"CUB","MALE_CUB",30,12,"SUBADULT","MALE_SUBADULT","CENSORED",0,0,"Rollercoaster",3,106,"ADULT_84",1,1
281,"FEMALE","01/12/2012","01/12/2012",2012,"01/01/2015",2015,0,"CUB","FEMALE_CUB",25,12,"SUBADULT","FEMALE_SUBADULT","CENSORED",0,0,"Rollercoaster",4,126,"ADULT_84",1,1
282,NA,"01/07/1989","01/07/1989",1989,"01/09/1989",1989,0,"CUB","NA_CUB",2,2,"CUB","NA_CUB","MORTALITY",1,1,"Sand_River",1,45,"ADULT_36_48",0,0
283,NA,"01/07/1989","01/07/1989",1989,"01/09/1989",1989,0,"CUB","NA_CUB",2,2,"CUB","NA_CUB","MORTALITY",1,1,"Sand_River",1,45,"ADULT_36_48",0,0
284,NA,"01/04/1990","01/04/1990",1990,"01/07/1990",1990,0,"CUB","NA_CUB",3,3,"CUB","NA_CUB","MORTALITY",1,1,"Sand_River",2,54,"ADULT_48_60",0,0
285,"FEMALE","01/04/1990","01/04/1990",1990,"01/06/1991",1991,0,"CUB","FEMALE_CUB",14,12,"JUVENILE","FEMALE_JUVENILE","CENSORED",0,0,"Sand_River",2,54,"ADULT_48_60",1,0
286,"MALE","01/10/1997","01/10/1997",1997,"01/10/1999",1999,0,"CUB","MALE_CUB",24,12,"JUVENILE","MALE_JUVENILE","CENSORED",0,0,"Safari",1,55,"ADULT_48_60",1,1
287,"MALE","01/10/1997","01/10/1997",1997,"01/10/1999",1999,0,"CUB","MALE_CUB",24,12,"JUVENILE","MALE_JUVENILE","CENSORED",0,0,"Safari",1,55,"ADULT_48_60",1,1
288,NA,"01/02/2000","01/02/2000",2000,"01/04/2000",2000,0,"CUB","NA_CUB",2,2,"CUB","NA_CUB","MORTALITY",1,1,"Safari",2,83,"ADULT_72_84",0,0
289,NA,"01/02/2000","01/02/2000",2000,"01/04/2000",2000,0,"CUB","NA_CUB",2,2,"CUB","NA_CUB","MORTALITY",1,1,"Safari",2,83,"ADULT_72_84",0,0
290,"MALE","01/01/2001","01/01/2001",2001,"01/11/2003",2003,0,"CUB","MALE_CUB",34,12,"SUBADULT","MALE_SUBADULT","MORTALITY",1,0,"Safari",3,94,"ADULT_84",1,1
291,"MALE","01/01/2001","01/01/2001",2001,"01/11/2003",2003,0,"CUB","MALE_CUB",34,12,"SUBADULT","MALE_SUBADULT","MORTALITY",1,0,"Safari",3,94,"ADULT_84",1,1
292,"FEMALE","01/03/2004","01/03/2004",2004,"01/03/2006",2006,0,"CUB","FEMALE_CUB",24,12,"JUVENILE","FEMALE_JUVENILE","MORTALITY",1,0,"Safari",4,132,"ADULT_84",1,1
293,"FEMALE","01/03/2004","01/03/2004",2004,"01/01/2015",2015,0,"CUB","FEMALE_CUB",130,12,"ADULT_84","FEMALE_ADULT_84","CENSORED",0,0,"Safari",4,132,"ADULT_84",1,1
294,"FEMALE","01/12/2005","01/12/2005",2005,"01/12/2006",2006,0,"CUB","FEMALE_CUB",12,12,"CUB","FEMALE_CUB","MORTALITY",1,1,"Safari",5,153,"ADULT_84",1,0
295,"MALE","01/12/2005","01/12/2005",2005,"01/01/2010",2010,0,"CUB","MALE_CUB",49,12,"ADULT_48_60","MALE_ADULT_48_60","CENSORED",0,0,"Safari",5,153,"ADULT_84",1,1
296,NA,"01/12/2008","01/12/2008",2008,"01/02/2009",2009,0,"CUB","NA_CUB",2,2,"CUB","NA_CUB","MORTALITY",1,1,"Safari",6,189,"ADULT_84",0,0
297,NA,"01/12/2008","01/12/2008",2008,"01/02/2009",2009,0,"CUB","NA_CUB",2,2,"CUB","NA_CUB","MORTALITY",1,1,"Safari",6,189,"ADULT_84",0,0
298,NA,"01/10/2008","01/10/2008",2008,"01/11/2008",2008,0,"CUB","NA_CUB",1,1,"CUB","NA_CUB","MORTALITY",1,1,"Salayexe",1,42,"ADULT_36_48",0,0
299,NA,"01/10/2008","01/10/2008",2008,"01/11/2008",2008,0,"CUB","NA_CUB",1,1,"CUB","NA_CUB","MORTALITY",1,1,"Salayexe",1,42,"ADULT_36_48",0,0
300,"MALE","01/04/2009","01/04/2009",2009,"01/02/2011",2011,0,"CUB","MALE_CUB",22,12,"JUVENILE","MALE_JUVENILE","CENSORED",0,0,"Salayexe",2,48,"ADULT_36_48",1,0
301,"FEMALE","01/04/2009","01/04/2009",2009,"01/01/2015",2015,0,"CUB","FEMALE_CUB",69,12,"ADULT_60_72","FEMALE_ADULT_60_72","CENSORED",0,0,"Salayexe",2,48,"ADULT_36_48",1,1
302,NA,"01/02/2011","01/02/2011",2011,"01/06/2011",2011,0,"CUB","NA_CUB",4,4,"CUB","NA_CUB","MORTALITY",1,1,"Salayexe",3,70,"ADULT_60_72",0,0
303,NA,"01/02/2011","01/02/2011",2011,"01/06/2011",2011,0,"CUB","NA_CUB",4,4,"CUB","NA_CUB","MORTALITY",1,1,"Salayexe",3,70,"ADULT_60_72",0,0
304,NA,"01/11/2011","01/11/2011",2011,"01/12/2011",2011,0,"CUB","NA_CUB",1,1,"CUB","NA_CUB","MORTALITY",1,1,"Salayexe",4,79,"ADULT_72_84",0,0
305,NA,"01/11/2011","01/11/2011",2011,"01/12/2011",2011,0,"CUB","NA_CUB",1,1,"CUB","NA_CUB","MORTALITY",1,1,"Salayexe",4,79,"ADULT_72_84",0,0
306,NA,"01/06/2012","01/06/2012",2012,"01/08/2012",2012,0,"CUB","NA_CUB",2,2,"CUB","NA_CUB","MORTALITY",1,1,"Salayexe",5,86,"ADULT_84",0,0
307,"FEMALE","01/06/2012","01/06/2012",2012,"01/06/2013",2013,0,"CUB","FEMALE_CUB",12,12,"CUB","FEMALE_CUB","MORTALITY",1,1,"Salayexe",5,86,"ADULT_84",1,0
308,NA,"01/03/2014","01/03/2014",2014,"01/06/2014",2014,0,"CUB","NA_CUB",3,3,"CUB","NA_CUB","MORTALITY",1,1,"Salayexe",6,107,"ADULT_84",0,0
309,NA,"01/03/2014","01/03/2014",2014,"01/06/2014",2014,0,"CUB","NA_CUB",3,3,"CUB","NA_CUB","MORTALITY",1,1,"Salayexe",6,107,"ADULT_84",0,0
310,NA,"01/11/2014","01/11/2014",2014,"01/01/2015",2015,0,"CUB","NA_CUB",2,2,"CUB","NA_CUB","MORTALITY",1,1,"Salayexe",7,115,"ADULT_84",0,0
311,"MALE","01/06/2000","01/06/2000",2000,"01/12/2001",2001,0,"CUB","MALE_CUB",18,12,"JUVENILE","MALE_JUVENILE","CENSORED",0,0,"Saseka",1,36,"SUBADULT",1,0
312,"MALE","01/06/2000","01/06/2000",2000,"01/12/2001",2001,0,"CUB","MALE_CUB",18,12,"JUVENILE","MALE_JUVENILE","CENSORED",0,0,"Saseka",1,36,"SUBADULT",1,0
313,"FEMALE","01/01/2003","01/01/2003",2003,"01/06/2011",2011,0,"CUB","FEMALE_CUB",101,12,"ADULT_84","FEMALE_ADULT_84","MORTALITY",1,0,"Saseka",2,67,"ADULT_60_72",1,1
314,NA,"01/12/2004","01/12/2004",2004,"01/01/2005",2005,0,"CUB","NA_CUB",1,1,"CUB","NA_CUB","MORTALITY",1,1,"Saseka",3,90,"ADULT_84",0,0
315,NA,"01/12/2004","01/12/2004",2004,"01/01/2005",2005,0,"CUB","NA_CUB",1,1,"CUB","NA_CUB","MORTALITY",1,1,"Saseka",3,90,"ADULT_84",0,0
316,NA,"01/04/2005","01/04/2005",2005,"01/07/2005",2005,0,"CUB","NA_CUB",3,3,"CUB","NA_CUB","MORTALITY",1,1,"Saseka",4,94,"ADULT_84",0,0
317,"FEMALE","01/04/2005","01/04/2005",2005,"01/01/2015",2015,0,"CUB","FEMALE_CUB",117,12,"ADULT_84","FEMALE_ADULT_84","CENSORED",0,0,"Saseka",4,94,"ADULT_84",1,1
318,NA,"01/12/2006","01/12/2006",2006,"01/02/2007",2007,0,"CUB","NA_CUB",2,2,"CUB","NA_CUB","MORTALITY",1,1,"Saseka",5,114,"ADULT_84",0,0
319,NA,"01/12/2006","01/12/2006",2006,"01/07/2007",2007,0,"CUB","NA_CUB",7,7,"CUB","NA_CUB","MORTALITY",1,1,"Saseka",5,114,"ADULT_84",0,0
320,"FEMALE","01/12/2012","01/12/2012",2012,"01/01/2015",2015,0,"CUB","FEMALE_CUB",25,12,"SUBADULT","FEMALE_SUBADULT","CENSORED",0,0,"Scotia",1,42,"ADULT_36_48",1,1
321,"FEMALE","01/08/2014","01/08/2014",2014,"01/01/2015",2015,0,"CUB","FEMALE_CUB",5,5,"CUB","FEMALE_CUB","CENSORED",0,1,"Scotia",2,62,"ADULT_60_72",0,0
322,"MALE","01/08/2014","01/08/2014",2014,"01/01/2015",2015,0,"CUB","MALE_CUB",5,5,"CUB","MALE_CUB","CENSORED",0,1,"Scotia",2,62,"ADULT_60_72",0,0
323,NA,"01/10/2010","01/10/2010",2010,"01/12/2010",2010,0,"CUB","NA_CUB",2,2,"CUB","NA_CUB","MORTALITY",1,1,"Shadow",1,44,"ADULT_36_48",0,0
324,NA,"01/10/2010","01/10/2010",2010,"01/04/2011",2011,0,"CUB","NA_CUB",6,6,"CUB","NA_CUB","MORTALITY",1,1,"Shadow",1,44,"ADULT_36_48",0,0
325,NA,"01/01/2012","01/01/2012",2012,"01/02/2012",2012,0,"CUB","NA_CUB",1,1,"CUB","NA_CUB","MORTALITY",1,1,"Shadow",2,59,"ADULT_48_60",0,0
326,NA,"01/01/2012","01/01/2012",2012,"01/02/2012",2012,0,"CUB","NA_CUB",1,1,"CUB","NA_CUB","MORTALITY",1,1,"Shadow",2,59,"ADULT_48_60",0,0
327,"FEMALE","01/10/2012","01/10/2012",2012,"01/06/2013",2013,0,"CUB","FEMALE_CUB",8,8,"CUB","FEMALE_CUB","MORTALITY",1,1,"Shadow",3,68,"ADULT_60_72",0,0
328,"FEMALE","01/10/2012","01/10/2012",2012,"01/06/2013",2013,0,"CUB","FEMALE_CUB",8,8,"CUB","FEMALE_CUB","MORTALITY",1,1,"Shadow",3,68,"ADULT_60_72",0,0
329,NA,"01/11/2013","01/11/2013",2013,"01/04/2014",2014,0,"CUB","NA_CUB",5,5,"CUB","NA_CUB","MORTALITY",1,1,"Shadow",4,81,"ADULT_72_84",0,0
330,NA,"01/11/2013","01/11/2013",2013,"01/05/2014",2014,0,"CUB","NA_CUB",6,6,"CUB","NA_CUB","MORTALITY",1,1,"Shadow",4,81,"ADULT_72_84",0,0
331,NA,"01/09/2014","01/09/2014",2014,"01/11/2014",2014,0,"CUB","NA_CUB",2,2,"CUB","NA_CUB","MORTALITY",1,1,"Shadow",5,91,"ADULT_84",0,0
332,"MALE","01/09/2014","01/09/2014",2014,"01/01/2015",2015,0,"CUB","MALE_CUB",4,4,"CUB","MALE_CUB","CENSORED",0,1,"Shadow",5,91,"ADULT_84",0,0
333,NA,"01/08/2002","01/08/2002",2002,"01/10/2002",2002,0,"CUB","NA_CUB",2,2,"CUB","NA_CUB","MORTALITY",1,1,"Shangwa",1,45,"ADULT_36_48",0,0
334,NA,"01/08/2002","01/08/2002",2002,"01/10/2002",2002,0,"CUB","NA_CUB",2,2,"CUB","NA_CUB","MORTALITY",1,1,"Shangwa",1,45,"ADULT_36_48",0,0
335,NA,"01/04/2003","01/04/2003",2003,"01/05/2003",2003,0,"CUB","NA_CUB",1,1,"CUB","NA_CUB","MORTALITY",1,1,"Shangwa",2,53,"ADULT_48_60",0,0
336,NA,"01/04/2003","01/04/2003",2003,"01/05/2003",2003,0,"CUB","NA_CUB",1,1,"CUB","NA_CUB","MORTALITY",1,1,"Shangwa",2,53,"ADULT_48_60",0,0
337,"MALE","01/12/2003","01/12/2003",2003,"01/02/2004",2004,0,"CUB","MALE_CUB",2,2,"CUB","MALE_CUB","MORTALITY",1,1,"Shangwa",3,61,"ADULT_60_72",0,0
338,"FEMALE","01/12/2003","01/12/2003",2003,"01/07/2010",2010,0,"CUB","FEMALE_CUB",79,12,"ADULT_72_84","FEMALE_ADULT_72_84","MORTALITY",1,0,"Shangwa",3,61,"ADULT_60_72",1,1
339,"MALE","01/12/2003","01/12/2003",2003,"01/12/2010",2010,0,"CUB","MALE_CUB",84,12,"ADULT_72_84","MALE_ADULT_72_84","MORTALITY",1,0,"Shangwa",3,61,"ADULT_60_72",1,1
340,NA,"01/09/2005","01/09/2005",2005,"01/12/2005",2005,0,"CUB","NA_CUB",3,3,"CUB","NA_CUB","MORTALITY",1,1,"Shangwa",4,82,"ADULT_72_84",0,0
341,"FEMALE","01/09/2005","01/09/2005",2005,"01/11/2007",2007,0,"CUB","FEMALE_CUB",26,12,"SUBADULT","FEMALE_SUBADULT","CENSORED",0,0,"Shangwa",4,82,"ADULT_72_84",1,1
342,"FEMALE","01/09/2005","01/09/2005",2005,"01/01/2015",2015,0,"CUB","FEMALE_CUB",112,12,"ADULT_84","FEMALE_ADULT_84","CENSORED",0,0,"Shangwa",4,82,"ADULT_72_84",1,1
343,"FEMALE","01/02/2008","01/02/2008",2008,"01/03/2008",2008,0,"CUB","FEMALE_CUB",1,1,"CUB","FEMALE_CUB","MORTALITY",1,1,"Shangwa",5,111,"ADULT_84",0,0
344,"FEMALE","01/02/2008","01/02/2008",2008,"01/03/2008",2008,0,"CUB","FEMALE_CUB",1,1,"CUB","FEMALE_CUB","MORTALITY",1,1,"Shangwa",5,111,"ADULT_84",0,0
345,"MALE","01/02/2008","01/02/2008",2008,"01/07/2008",2008,0,"CUB","MALE_CUB",5,5,"CUB","MALE_CUB","MORTALITY",1,1,"Shangwa",5,111,"ADULT_84",0,0
346,"FEMALE","01/12/2008","01/12/2008",2008,"01/08/2011",2011,0,"CUB","FEMALE_CUB",32,12,"SUBADULT","FEMALE_SUBADULT","CENSORED",0,0,"Shangwa",6,121,"ADULT_84",1,1
347,"MALE","01/01/2011","01/01/2011",2011,"01/01/2014",2014,0,"CUB","MALE_CUB",36,12,"SUBADULT","MALE_SUBADULT","MORTALITY",1,0,"Shangwa",7,146,"ADULT_84",1,1
348,"MALE","01/03/2013","01/03/2013",2013,"01/08/2013",2013,0,"CUB","MALE_CUB",5,5,"CUB","MALE_CUB","MORTALITY",1,1,"Tamboti",1,65,"ADULT_60_72",0,0
349,"FEMALE","01/03/2013","01/03/2013",2013,"01/01/2015",2015,0,"CUB","FEMALE_CUB",22,12,"JUVENILE","FEMALE_JUVENILE","CENSORED",0,0,"Tamboti",1,65,"ADULT_60_72",1,0
350,NA,"01/02/2014","01/02/2014",2014,"01/06/2014",2014,0,"CUB","NA_CUB",4,4,"CUB","NA_CUB","MORTALITY",1,1,"Tasselberry",NA,NA,NA,0,0
351,NA,"01/11/2014","01/11/2014",2014,"01/01/2015",2015,0,"CUB","NA_CUB",2,2,"CUB","NA_CUB","CENSORED",0,1,"Tasselberry",NA,NA,NA,0,0
352,NA,"01/11/1998","01/11/1998",1998,"01/01/1999",1999,0,"CUB","NA_CUB",2,2,"CUB","NA_CUB","MORTALITY",1,1,"Tavangumi",1,46,"ADULT_36_48",0,0
353,"FEMALE","01/11/1998","01/11/1998",1998,"01/10/2012",2012,0,"CUB","FEMALE_CUB",167,12,"ADULT_84","FEMALE_ADULT_84","MORTALITY",1,0,"Tavangumi",1,46,"ADULT_36_48",1,1
354,"MALE","01/12/2000","01/12/2000",2000,"01/01/2015",2015,0,"CUB","MALE_CUB",169,12,"ADULT_84","MALE_ADULT_84","CENSORED",0,0,"Tavangumi",2,71,"ADULT_60_72",1,1
355,NA,"01/01/2003","01/01/2003",2003,"01/03/2003",2003,0,"CUB","NA_CUB",2,2,"CUB","NA_CUB","MORTALITY",1,1,"Tavangumi",3,96,"ADULT_84",0,0
356,"FEMALE","01/01/2003","01/01/2003",2003,"01/07/2004",2004,0,"CUB","FEMALE_CUB",18,12,"JUVENILE","FEMALE_JUVENILE","CENSORED",0,0,"Tavangumi",3,96,"ADULT_84",1,0
357,NA,"01/02/2005","01/02/2005",2005,"01/04/2005",2005,0,"CUB","NA_CUB",2,2,"CUB","NA_CUB","MORTALITY",1,1,"Tavangumi",4,121,"ADULT_84",0,0
358,"MALE","01/02/2005","01/02/2005",2005,"01/08/2006",2006,0,"CUB","MALE_CUB",18,12,"JUVENILE","MALE_JUVENILE","CENSORED",0,0,"Tavangumi",4,121,"ADULT_84",1,0
359,NA,"01/03/2007","01/03/2007",2007,"01/05/2007",2007,0,"CUB","NA_CUB",2,2,"CUB","NA_CUB","MORTALITY",1,1,"Tavangumi",5,146,"ADULT_84",0,0
360,NA,"01/03/2007","01/03/2007",2007,"01/05/2007",2007,0,"CUB","NA_CUB",2,2,"CUB","NA_CUB","MORTALITY",1,1,"Tavangumi",5,146,"ADULT_84",0,0
361,NA,"01/01/2008","01/01/2008",2008,"01/03/2008",2008,0,"CUB","NA_CUB",2,2,"CUB","NA_CUB","MORTALITY",1,1,"Tavangumi",6,156,"ADULT_84",0,0
362,NA,"01/01/2008","01/01/2008",2008,"01/03/2008",2008,0,"CUB","NA_CUB",2,2,"CUB","NA_CUB","MORTALITY",1,1,"Tavangumi",6,156,"ADULT_84",0,0
363,"MALE","01/10/2008","01/10/2008",2008,"01/11/2010",2010,0,"CUB","MALE_CUB",25,12,"SUBADULT","MALE_SUBADULT","CENSORED",0,0,"Tavangumi",7,165,"ADULT_84",1,1
364,NA,"01/12/2010","01/12/2010",2010,"01/01/2011",2011,0,"CUB","NA_CUB",1,1,"CUB","NA_CUB","MORTALITY",1,1,"Thandi",1,46,"ADULT_36_48",0,0
365,"MALE","01/12/2010","01/12/2010",2010,"01/04/2014",2014,0,"CUB","MALE_CUB",40,12,"ADULT_36_48","MALE_ADULT_36_48","MORTALITY",1,0,"Thandi",1,46,"ADULT_36_48",1,1
366,"FEMALE","01/09/2012","01/09/2012",2012,"01/07/2013",2013,0,"CUB","FEMALE_CUB",10,10,"CUB","FEMALE_CUB","MORTALITY",1,1,"Thandi",2,67,"ADULT_60_72",0,0
367,"MALE","01/09/2012","01/09/2012",2012,"01/01/2015",2015,0,"CUB","MALE_CUB",28,12,"SUBADULT","MALE_SUBADULT","CENSORED",0,0,"Thandi",2,67,"ADULT_60_72",1,1
368,NA,"01/08/2014","01/08/2014",2014,"01/01/2015",2015,0,"CUB","NA_CUB",5,5,"CUB","NA_CUB","CENSORED",0,1,"Thandi",3,90,"ADULT_84",0,0
369,NA,"01/08/2014","01/08/2014",2014,"01/01/2015",2015,0,"CUB","NA_CUB",5,5,"CUB","NA_CUB","CENSORED",0,1,"Thandi",3,90,"ADULT_84",0,0
370,NA,"01/09/2013","01/09/2013",2013,"01/10/2013",2013,0,"CUB","NA_CUB",1,1,"CUB","NA_CUB","MORTALITY",1,1,"Thlangisa",1,53,"ADULT_48_60",0,0
371,NA,"01/09/2013","01/09/2013",2013,"01/10/2013",2013,0,"CUB","NA_CUB",1,1,"CUB","NA_CUB","MORTALITY",1,1,"Thlangisa",1,53,"ADULT_48_60",0,0
372,"FEMALE","01/04/2014","01/04/2014",2014,"01/01/2015",2015,0,"CUB","FEMALE_CUB",9,9,"CUB","FEMALE_CUB","CENSORED",0,1,"Thlangisa",2,60,"ADULT_48_60",0,0
373,"FEMALE","01/04/2014","01/04/2014",2014,"01/01/2015",2015,0,"CUB","FEMALE_CUB",9,9,"CUB","FEMALE_CUB","CENSORED",0,1,"Thlangisa",2,60,"ADULT_48_60",0,0
374,NA,"01/10/1995","01/10/1995",1995,"01/12/1995",1995,0,"CUB","NA_CUB",2,2,"CUB","NA_CUB","MORTALITY",1,1,"Toulon",1,55,"ADULT_48_60",0,0
375,NA,"01/10/1995","01/10/1995",1995,"01/12/1995",1995,0,"CUB","NA_CUB",2,2,"CUB","NA_CUB","MORTALITY",1,1,"Toulon",1,55,"ADULT_48_60",0,0
376,"MALE","01/09/1996","01/09/1996",1996,"01/05/1997",1997,0,"CUB","MALE_CUB",8,8,"CUB","MALE_CUB","MORTALITY",1,1,"Toulon",2,66,"ADULT_60_72",0,0
377,NA,"01/12/1997","01/12/1997",1997,"01/02/1998",1998,0,"CUB","NA_CUB",2,2,"CUB","NA_CUB","MORTALITY",1,1,"Toulon",3,81,"ADULT_72_84",0,0
378,NA,"01/12/1997","01/12/1997",1997,"01/02/1998",1998,0,"CUB","NA_CUB",2,2,"CUB","NA_CUB","MORTALITY",1,1,"Toulon",3,81,"ADULT_72_84",0,0
379,"MALE","01/01/1999","01/01/1999",1999,"01/05/2000",2000,0,"CUB","MALE_CUB",16,12,"JUVENILE","MALE_JUVENILE","CENSORED",0,0,"Toulon",4,94,"ADULT_84",1,0
380,NA,"01/01/2001","01/01/2001",2001,"01/03/2001",2001,0,"CUB","NA_CUB",2,2,"CUB","NA_CUB","MORTALITY",1,1,"Toulon",5,118,"ADULT_84",0,0
381,NA,"01/01/2001","01/01/2001",2001,"01/03/2001",2001,0,"CUB","NA_CUB",2,2,"CUB","NA_CUB","MORTALITY",1,1,"Toulon",5,118,"ADULT_84",0,0
382,NA,"01/06/2001","01/06/2001",2001,"01/09/2001",2001,0,"CUB","NA_CUB",3,3,"CUB","NA_CUB","MORTALITY",1,1,"Toulon",6,123,"ADULT_84",0,0
383,NA,"01/06/2001","01/06/2001",2001,"01/09/2001",2001,0,"CUB","NA_CUB",3,3,"CUB","NA_CUB","MORTALITY",1,1,"Toulon",6,123,"ADULT_84",0,0
384,NA,"01/02/2002","01/02/2002",2002,"01/04/2002",2002,0,"CUB","NA_CUB",2,2,"CUB","NA_CUB","MORTALITY",1,1,"Toulon",7,131,"ADULT_84",0,0
385,NA,"01/02/2002","01/02/2002",2002,"01/04/2002",2002,0,"CUB","NA_CUB",2,2,"CUB","NA_CUB","MORTALITY",1,1,"Toulon",7,131,"ADULT_84",0,0
386,NA,"01/11/2002","01/11/2002",2002,"01/04/2003",2003,0,"CUB","NA_CUB",5,5,"CUB","NA_CUB","MORTALITY",1,1,"Toulon",8,140,"ADULT_84",0,0
387,"MALE","01/11/2002","01/11/2002",2002,"01/02/2005",2005,0,"CUB","MALE_CUB",27,12,"SUBADULT","MALE_SUBADULT","CENSORED",0,0,"Toulon",8,140,"ADULT_84",1,1
388,NA,"01/02/2005","01/02/2005",2005,"01/03/2005",2005,0,"CUB","NA_CUB",1,1,"CUB","NA_CUB","MORTALITY",1,1,"Toulon",9,167,"ADULT_84",0,0
389,NA,"01/02/2005","01/02/2005",2005,"01/03/2005",2005,0,"CUB","NA_CUB",1,1,"CUB","NA_CUB","MORTALITY",1,1,"Toulon",9,167,"ADULT_84",0,0
390,NA,"01/06/2005","01/06/2005",2005,"01/12/2005",2005,0,"CUB","NA_CUB",6,6,"CUB","NA_CUB","MORTALITY",1,1,"Toulon",10,171,"ADULT_84",0,0
391,"MALE","01/06/2005","01/06/2005",2005,"01/09/2006",2006,0,"CUB","MALE_CUB",15,12,"JUVENILE","MALE_JUVENILE","CENSORED",0,0,"Toulon",10,171,"ADULT_84",1,0
392,NA,"01/02/2001","01/02/2001",2001,"01/07/2001",2001,0,"CUB","NA_CUB",5,5,"CUB","NA_CUB","MORTALITY",1,1,"Tugwaan_Y._Female",1,59,"ADULT_48_60",0,0
393,NA,"01/02/2001","01/02/2001",2001,"01/07/2001",2001,0,"CUB","NA_CUB",5,5,"CUB","NA_CUB","MORTALITY",1,1,"Tugwaan_Y._Female",1,59,"ADULT_48_60",0,0
394,NA,"01/08/2010","01/08/2010",2010,"01/12/2010",2010,0,"CUB","NA_CUB",4,4,"CUB","NA_CUB","MORTALITY",1,1,"Tutlwa",1,53,"ADULT_48_60",0,0
395,"FEMALE","01/06/2011","01/06/2011",2011,"01/01/2015",2015,0,"CUB","FEMALE_CUB",43,12,"ADULT_36_48","FEMALE_ADULT_36_48","CENSORED",0,0,"Tutlwa",2,63,"ADULT_60_72",1,1
396,"MALE","01/06/2011","01/06/2011",2011,"01/01/2015",2015,0,"CUB","MALE_CUB",43,12,"ADULT_36_48","MALE_ADULT_36_48","CENSORED",0,0,"Tutlwa",2,63,"ADULT_60_72",1,1
397,NA,"01/01/2013","01/01/2013",2013,"01/02/2013",2013,0,"CUB","NA_CUB",1,1,"CUB","NA_CUB","MORTALITY",1,1,"Tutlwa",3,82,"ADULT_72_84",0,0
398,NA,"01/01/2013","01/01/2013",2013,"01/02/2013",2013,0,"CUB","NA_CUB",1,1,"CUB","NA_CUB","MORTALITY",1,1,"Tutlwa",3,82,"ADULT_72_84",0,0
399,NA,"01/01/2013","01/01/2013",2013,"01/02/2013",2013,0,"CUB","NA_CUB",1,1,"CUB","NA_CUB","MORTALITY",1,1,"Tutlwa",3,82,"ADULT_72_84",0,0
400,"FEMALE","01/07/2013","01/07/2013",2013,"01/07/2014",2014,0,"CUB","FEMALE_CUB",12,12,"CUB","FEMALE_CUB","MORTALITY",1,1,"Tutlwa",4,88,"ADULT_84",1,0
401,"MALE","01/07/2013","01/07/2013",2013,"01/01/2015",2015,0,"CUB","MALE_CUB",18,12,"JUVENILE","MALE_JUVENILE","CENSORED",0,0,"Tutlwa",4,88,"ADULT_84",1,0
402,NA,"01/09/2001","01/09/2001",2001,"01/10/2001",2001,0,"CUB","NA_CUB",1,1,"CUB","NA_CUB","MORTALITY",1,1,"Vomba",1,45,"ADULT_36_48",0,0
403,NA,"01/09/2001","01/09/2001",2001,"01/10/2001",2001,0,"CUB","NA_CUB",1,1,"CUB","NA_CUB","MORTALITY",1,1,"Vomba",1,45,"ADULT_36_48",0,0
404,NA,"01/10/2002","01/10/2002",2002,"01/11/2002",2002,0,"CUB","NA_CUB",1,1,"CUB","NA_CUB","MORTALITY",1,1,"Vomba",2,58,"ADULT_48_60",0,0
405,NA,"01/10/2002","01/10/2002",2002,"01/11/2002",2002,0,"CUB","NA_CUB",1,1,"CUB","NA_CUB","MORTALITY",1,1,"Vomba",2,58,"ADULT_48_60",0,0
406,NA,"01/06/2003","01/06/2003",2003,"01/09/2003",2003,0,"CUB","NA_CUB",3,3,"CUB","NA_CUB","MORTALITY",1,1,"Vomba",3,66,"ADULT_60_72",0,0
407,"FEMALE","01/06/2003","01/06/2003",2003,"01/06/2007",2007,0,"CUB","FEMALE_CUB",48,12,"ADULT_36_48","FEMALE_ADULT_36_48","MORTALITY",1,0,"Vomba",3,66,"ADULT_60_72",1,1
408,NA,"01/11/2004","01/11/2004",2004,"01/02/2005",2005,0,"CUB","NA_CUB",3,3,"CUB","NA_CUB","MORTALITY",1,1,"Vomba",4,83,"ADULT_72_84",0,0
409,NA,"01/11/2004","01/11/2004",2004,"01/02/2005",2005,0,"CUB","NA_CUB",3,3,"CUB","NA_CUB","MORTALITY",1,1,"Vomba",4,83,"ADULT_72_84",0,0
410,NA,"01/11/2005","01/11/2005",2005,"01/12/2005",2005,0,"CUB","NA_CUB",1,1,"CUB","NA_CUB","MORTALITY",1,1,"Vomba",5,95,"ADULT_84",0,0
411,NA,"01/11/2005","01/11/2005",2005,"01/12/2005",2005,0,"CUB","NA_CUB",1,1,"CUB","NA_CUB","MORTALITY",1,1,"Vomba",5,95,"ADULT_84",0,0
412,"MALE","01/03/2006","01/03/2006",2006,"01/07/2009",2009,0,"CUB","MALE_CUB",40,12,"ADULT_36_48","MALE_ADULT_36_48","CENSORED",0,0,"Vomba",6,99,"ADULT_84",1,1
413,"FEMALE","01/03/2006","01/03/2006",2006,"01/01/2015",2015,0,"CUB","FEMALE_CUB",106,12,"ADULT_84","FEMALE_ADULT_84","CENSORED",0,0,"Vomba",6,99,"ADULT_84",1,1
414,"FEMALE","01/09/2008","01/09/2008",2008,"01/01/2015",2015,0,"CUB","FEMALE_CUB",76,12,"ADULT_72_84","FEMALE_ADULT_72_84","CENSORED",0,0,"Vomba",7,129,"ADULT_84",1,1
415,NA,"01/12/2009","01/12/2009",2009,"01/01/2010",2010,0,"CUB","NA_CUB",1,1,"CUB","NA_CUB","MORTALITY",1,1,"Vomba",8,144,"ADULT_84",0,0
416,NA,"01/12/2009","01/12/2009",2009,"01/01/2010",2010,0,"CUB","NA_CUB",1,1,"CUB","NA_CUB","MORTALITY",1,1,"Vomba",8,144,"ADULT_84",0,0
417,NA,"01/01/2011","01/01/2011",2011,"01/03/2011",2011,0,"CUB","NA_CUB",2,2,"CUB","NA_CUB","MORTALITY",1,1,"Vomba",9,157,"ADULT_84",0,0
418,NA,"01/01/2011","01/01/2011",2011,"01/03/2011",2011,0,"CUB","NA_CUB",2,2,"CUB","NA_CUB","MORTALITY",1,1,"Vomba",9,157,"ADULT_84",0,0
419,"MALE","01/06/2012","01/06/2012",2012,"01/09/2014",2014,0,"CUB","MALE_CUB",27,12,"SUBADULT","MALE_SUBADULT","CENSORED",0,0,"Vomba",10,174,"ADULT_84",1,1
420,"MALE","01/07/1997","01/07/1997",1997,"01/01/2000",2000,0,"CUB","MALE_CUB",30,12,"SUBADULT","MALE_SUBADULT","CENSORED",0,0,"White_Cloth",1,46,"ADULT_36_48",1,1
421,"MALE","01/10/2000","01/10/2000",2000,"01/12/2002",2002,0,"CUB","MALE_CUB",26,12,"SUBADULT","MALE_SUBADULT","CENSORED",0,0,"White_Cloth",2,85,"ADULT_84",1,1
422,"FEMALE","01/10/2000","01/10/2000",2000,"01/01/2015",2015,0,"CUB","FEMALE_CUB",171,12,"ADULT_84","FEMALE_ADULT_84","CENSORED",0,0,"White_Cloth",2,85,"ADULT_84",1,1
423,"FEMALE","01/04/2003","01/04/2003",2003,"01/10/2003",2003,0,"CUB","FEMALE_CUB",6,6,"CUB","FEMALE_CUB","MORTALITY",1,1,"White_Cloth",3,115,"ADULT_84",0,0
424,"MALE","01/04/2003","01/04/2003",2003,"01/12/2011",2011,0,"CUB","MALE_CUB",104,12,"ADULT_84","MALE_ADULT_84","CENSORED",0,0,"White_Cloth",3,115,"ADULT_84",1,1
425,"FEMALE","01/12/2005","01/12/2005",2005,"01/05/2006",2006,0,"CUB","FEMALE_CUB",5,5,"CUB","FEMALE_CUB","MORTALITY",1,1,"White_Cloth",4,147,"ADULT_84",0,0
426,"MALE","01/12/2005","01/12/2005",2005,"01/06/2007",2007,0,"CUB","MALE_CUB",18,12,"JUVENILE","MALE_JUVENILE","MORTALITY",1,0,"White_Cloth",4,147,"ADULT_84",1,0
427,"MALE","01/12/2008","01/12/2008",2008,"01/05/2011",2011,0,"CUB","MALE_CUB",29,12,"SUBADULT","MALE_SUBADULT","CENSORED",0,0,"White_Cloth",5,183,"ADULT_84",1,1
428,NA,"01/05/2012","01/05/2012",2012,"01/08/2012",2012,0,"CUB","NA_CUB",3,3,"CUB","NA_CUB","MORTALITY",1,1,"White_Dam",1,71,"ADULT_60_72",0,0
429,NA,"01/05/2012","01/05/2012",2012,"01/10/2012",2012,0,"CUB","NA_CUB",5,5,"CUB","NA_CUB","MORTALITY",1,1,"White_Dam",1,71,"ADULT_60_72",0,0
430,NA,"01/02/2013","01/02/2013",2013,"01/04/2013",2013,0,"CUB","NA_CUB",2,2,"CUB","NA_CUB","MORTALITY",1,1,"White_Dam",2,80,"ADULT_72_84",0,0
431,NA,"01/01/2014","01/01/2014",2014,"01/04/2014",2014,0,"CUB","NA_CUB",3,3,"CUB","NA_CUB","MORTALITY",1,1,"White_Dam",3,91,"ADULT_84",0,0
432,NA,"01/01/2014","01/01/2014",2014,"01/04/2014",2014,0,"CUB","NA_CUB",3,3,"CUB","NA_CUB","MORTALITY",1,1,"White_Dam",3,91,"ADULT_84",0,0
433,NA,"01/12/2014","01/12/2014",2014,"01/01/2015",2015,0,"CUB","NA_CUB",1,1,"CUB","NA_CUB","CENSORED",0,1,"White_Dam",4,102,"ADULT_84",0,0
434,NA,"01/12/2014","01/12/2014",2014,"01/01/2015",2015,0,"CUB","NA_CUB",1,1,"CUB","NA_CUB","CENSORED",0,1,"White_Dam",4,102,"ADULT_84",0,0
435,"FEMALE","01/06/2006","01/06/2006",2006,"01/06/2007",2007,0,"CUB","FEMALE_CUB",12,12,"CUB","FEMALE_CUB","CENSORED",0,1,"Wilson's_Pan",1,48,"ADULT_36_48",1,0
436,NA,"01/06/2008","01/06/2008",2008,"02/08/2008",2008,0,"CUB","NA_CUB",2,2,"CUB","NA_CUB","MORTALITY",1,1,"Wilson's_Pan",2,72,"ADULT_60_72",0,0
437,NA,"01/06/2008","01/06/2008",2008,"02/08/2008",2008,0,"CUB","NA_CUB",2,2,"CUB","NA_CUB","MORTALITY",1,1,"Wilson's_Pan",2,72,"ADULT_60_72",0,0
438,"FEMALE","01/01/2009","01/01/2009",2009,"01/12/2013",2013,0,"CUB","FEMALE_CUB",59,12,"ADULT_48_60","FEMALE_ADULT_48_60","CENSORED",0,0,"Wilson's_Pan",3,79,"ADULT_72_84",1,1
439,"FEMALE","01/01/2009","01/01/2009",2009,"01/01/2015",2015,0,"CUB","FEMALE_CUB",72,12,"ADULT_60_72","FEMALE_ADULT_60_72","CENSORED",0,0,"Wilson's_Pan",3,79,"ADULT_72_84",1,1
440,"MALE","01/06/2010","01/06/2010",2010,"01/01/2015",2015,0,"CUB","MALE_CUB",55,12,"ADULT_48_60","MALE_ADULT_48_60","CENSORED",0,0,"Wilson's_Pan",4,96,"ADULT_84",1,1
441,"FEMALE","01/02/2012","01/02/2012",2012,"01/04/2014",2014,0,"CUB","FEMALE_CUB",26,12,"SUBADULT","FEMALE_SUBADULT","CENSORED",0,0,"Wilson's_Pan",5,116,"ADULT_84",1,1
442,"MALE","01/02/2012","01/02/2012",2012,"01/07/2014",2014,0,"CUB","MALE_CUB",29,12,"SUBADULT","MALE_SUBADULT","CENSORED",0,0,"Wilson's_Pan",5,116,"ADULT_84",1,1
443,NA,"01/12/2013","01/12/2013",2013,"01/02/2014",2014,0,"CUB","NA_CUB",2,2,"CUB","NA_CUB","MORTALITY",1,1,"Wilson's_Pan",6,138,"ADULT_84",0,0
444,NA,"01/12/2013","01/12/2013",2013,"01/02/2014",2014,0,"CUB","NA_CUB",2,2,"CUB","NA_CUB","MORTALITY",1,1,"Wilson's_Pan",6,138,"ADULT_84",0,0
445,NA,"01/03/2010","01/03/2010",2010,"01/05/2010",2010,0,"CUB","NA_CUB",2,2,"CUB","NA_CUB","MORTALITY",1,1,"Xikavi",1,54,"ADULT_48_60",0,0
446,NA,"01/03/2010","01/03/2010",2010,"01/05/2010",2010,0,"CUB","NA_CUB",2,2,"CUB","NA_CUB","MORTALITY",1,1,"Xikavi",1,54,"ADULT_48_60",0,0
447,NA,"01/05/2011","01/05/2011",2011,"01/06/2011",2011,0,"CUB","NA_CUB",1,1,"CUB","NA_CUB","MORTALITY",1,1,"Xikavi",2,68,"ADULT_60_72",0,0
448,NA,"01/01/2012","01/01/2012",2012,"01/02/2012",2012,0,"CUB","NA_CUB",1,1,"CUB","NA_CUB","MORTALITY",1,1,"Xikavi",3,76,"ADULT_72_84",0,0
449,NA,"01/01/2012","01/01/2012",2012,"01/02/2012",2012,0,"CUB","NA_CUB",1,1,"CUB","NA_CUB","MORTALITY",1,1,"Xikavi",3,76,"ADULT_72_84",0,0
450,NA,"01/09/2013","01/09/2013",2013,"01/11/2013",2013,0,"CUB","NA_CUB",2,2,"CUB","NA_CUB","MORTALITY",1,1,"Xikavi",4,96,"ADULT_84",0,0
451,NA,"01/09/2013","01/09/2013",2013,"01/12/2013",2013,0,"CUB","NA_CUB",3,3,"CUB","NA_CUB","MORTALITY",1,1,"Xikavi",4,96,"ADULT_84",0,0
452,NA,"01/05/2014","01/05/2014",2014,"01/06/2014",2014,0,"CUB","NA_CUB",1,1,"CUB","NA_CUB","MORTALITY",1,1,"Xikavi",5,104,"ADULT_84",0,0
453,NA,"01/05/2014","01/05/2014",2014,"01/06/2014",2014,0,"CUB","NA_CUB",1,1,"CUB","NA_CUB","MORTALITY",1,1,"Xikavi",5,104,"ADULT_84",0,0
454,NA,"01/10/2014","01/10/2014",2014,"01/12/2014",2014,0,"CUB","NA_CUB",2,2,"CUB","NA_CUB","MORTALITY",1,1,"Xikavi",6,109,"ADULT_84",0,0
455,NA,"01/10/2014","01/10/2014",2014,"01/12/2014",2014,0,"CUB","NA_CUB",2,2,"CUB","NA_CUB","MORTALITY",1,1,"Xikavi",6,109,"ADULT_84",0,0
456,NA,"01/10/2014","01/10/2014",2014,"01/12/2014",2014,0,"CUB","NA_CUB",2,2,"CUB","NA_CUB","MORTALITY",1,1,"Xikavi",6,109,"ADULT_84",0,0
457,NA,"01/07/1984","01/07/1984",1984,"02/08/1984",1984,0,"CUB","NA_CUB",1,1,"CUB","NA_CUB","MORTALITY",1,1,"Y._Female",1,35,"SUBADULT",0,0
458,NA,"01/07/1984","01/07/1984",1984,"02/08/1984",1984,0,"CUB","NA_CUB",1,1,"CUB","NA_CUB","MORTALITY",1,1,"Y._Female",1,35,"SUBADULT",0,0
459,NA,"01/09/1985","01/09/1985",1985,"01/02/1986",1986,0,"CUB","NA_CUB",5,5,"CUB","NA_CUB","MORTALITY",1,1,"Y._Female",2,49,"ADULT_48_60",0,0
460,"MALE","01/07/1986","01/07/1986",1986,"01/06/1998",1998,0,"CUB","MALE_CUB",143,12,"ADULT_84","MALE_ADULT_84","MORTALITY",1,0,"Y._Female",3,59,"ADULT_48_60",1,1
461,"FEMALE","01/12/1987","01/12/1987",1987,"01/06/1988",1988,0,"CUB","FEMALE_CUB",6,6,"CUB","FEMALE_CUB","MORTALITY",1,1,"Y._Female",4,76,"ADULT_72_84",0,0
462,"MALE","01/11/2001","01/11/2001",2001,"01/12/2003",2003,0,"CUB","MALE_CUB",25,12,"SUBADULT","MALE_SUBADULT","CENSORED",0,0,"Young_Nottens",1,36,"SUBADULT",1,1
463,"MALE","01/11/2001","01/11/2001",2001,"01/12/2003",2003,0,"CUB","MALE_CUB",25,12,"SUBADULT","MALE_SUBADULT","CENSORED",0,0,"Young_Nottens",1,36,"SUBADULT",1,1
464,NA,"01/08/2004","01/08/2004",2004,"01/10/2004",2004,0,"CUB","NA_CUB",2,2,"CUB","NA_CUB","MORTALITY",1,1,"Young_Nottens",2,69,"ADULT_60_72",0,0
465,NA,"01/08/2004","01/08/2004",2004,"01/10/2004",2004,0,"CUB","NA_CUB",2,2,"CUB","NA_CUB","MORTALITY",1,1,"Young_Nottens",2,69,"ADULT_60_72",0,0
466,NA,"01/10/2005","01/10/2005",2005,"01/12/2005",2005,0,"CUB","NA_CUB",2,2,"CUB","NA_CUB","MORTALITY",1,1,"Young_Nottens",3,83,"ADULT_72_84",0,0
467,NA,"01/10/2005","01/10/2005",2005,"01/12/2005",2005,0,"CUB","NA_CUB",2,2,"CUB","NA_CUB","MORTALITY",1,1,"Young_Nottens",3,83,"ADULT_72_84",0,0
468,NA,"01/11/2006","01/11/2006",2006,"01/02/2007",2007,0,"CUB","NA_CUB",3,3,"CUB","NA_CUB","MORTALITY",1,1,"Young_Nottens",4,96,"ADULT_84",0,0
469,"FEMALE","01/11/2006","01/11/2006",2006,"01/07/2011",2011,0,"CUB","FEMALE_CUB",56,12,"ADULT_48_60","FEMALE_ADULT_48_60","CENSORED",0,0,"Young_Nottens",4,96,"ADULT_84",1,1
470,NA,"01/06/2008","01/06/2008",2008,"01/07/2008",2008,0,"CUB","NA_CUB",1,1,"CUB","NA_CUB","MORTALITY",1,1,"Young_Nottens",5,115,"ADULT_84",0,0
471,NA,"01/06/2008","01/06/2008",2008,"01/07/2008",2008,0,"CUB","NA_CUB",1,1,"CUB","NA_CUB","MORTALITY",1,1,"Young_Nottens",5,115,"ADULT_84",0,0
472,NA,"01/06/2008","01/06/2008",2008,"01/11/2008",2008,0,"CUB","NA_CUB",5,5,"CUB","NA_CUB","MORTALITY",1,1,"Young_Nottens",5,115,"ADULT_84",0,0
473,NA,"01/03/2009","01/03/2009",2009,"01/05/2009",2009,0,"CUB","NA_CUB",2,2,"CUB","NA_CUB","MORTALITY",1,1,"Young_Nottens",6,124,"ADULT_84",0,0
474,NA,"01/03/2009","01/03/2009",2009,"01/05/2009",2009,0,"CUB","NA_CUB",2,2,"CUB","NA_CUB","MORTALITY",1,1,"Young_Nottens",6,124,"ADULT_84",0,0
475,"MALE","01/01/2010","01/01/2010",2010,"01/01/2015",2015,0,"CUB","MALE_CUB",60,12,"ADULT_48_60","MALE_ADULT_48_60","CENSORED",0,0,"Young_Nottens",7,134,"ADULT_84",1,1
476,"MALE","02/01/2010","02/01/2010",2010,"01/11/2010",2010,0,"CUB","MALE_CUB",10,10,"CUB","MALE_CUB","MORTALITY",1,1,"Young_Nottens",7,134,"ADULT_84",0,0
477,NA,"01/03/2012","01/03/2012",2012,"01/07/2012",2012,0,"CUB","NA_CUB",4,4,"CUB","NA_CUB","MORTALITY",1,1,"Young_Nottens",8,160,"ADULT_84",0,0
478,"FEMALE","01/03/2012","01/03/2012",2012,"01/12/2012",2012,0,"CUB","FEMALE_CUB",9,9,"CUB","FEMALE_CUB","MORTALITY",1,1,"Young_Nottens",8,160,"ADULT_84",0,0
479,NA,"01/04/2014","01/04/2014",2014,"01/05/2014",2014,0,"CUB","NA_CUB",1,1,"CUB","NA_CUB","MORTALITY",1,1,"Young_Nottens",9,185,"ADULT_84",0,0
480,"MALE","01/04/2014","01/04/2014",2014,"01/01/2015",2015,0,"CUB","MALE_CUB",9,9,"CUB","MALE_CUB","CENSORED",0,1,"Young_Nottens",9,185,"ADULT_84",0,0
